ensemble,leadtime,year,precipitation
0,2,1981,78.74676585197449
0,2,1982,67.19455122947693
0,2,1983,66.17909669876099
0,2,1984,70.36957144737244
0,2,1985,46.80771380662918
0,2,1986,47.631192952394485
0,2,1987,60.72264537215233
0,2,1988,52.02442407608032
0,2,1989,47.54621908068657
0,2,1990,61.55596673488617
0,2,1991,44.078268110752106
0,2,1992,33.36608409881592
0,2,1993,46.19874060153961
0,2,1994,66.10441207885742
0,2,1995,31.658705323934555
0,2,1996,49.47752133011818
0,2,1997,56.63134530186653
0,2,1998,60.434695333242416
0,2,1999,35.343002527952194
0,2,2000,58.738064020872116
0,2,2001,67.13300943374634
0,2,2002,66.70654565095901
0,2,2003,39.653658866882324
0,2,2004,78.52753251791
0,2,2005,66.92381203174591
0,2,2006,97.81057387590408
0,2,2007,66.39628112316132
0,2,2008,57.15981870889664
0,2,2009,56.354645639657974
0,2,2010,66.18301570415497
0,2,2011,56.377675384283066
0,2,2012,54.793067276477814
0,2,2013,73.26673716306686
0,2,2014,95.6885814666748
0,2,2015,49.15320873260498
0,3,1981,48.251841217279434
0,3,1982,60.07000803947449
0,3,1983,49.609821289777756
0,3,1984,33.062729984521866
0,3,1985,68.07947158813477
0,3,1986,65.30016660690308
0,3,1987,79.60133999586105
0,3,1988,62.64727562665939
0,3,1989,47.00422286987305
0,3,1990,60.95649674534798
0,3,1991,55.48887699842453
0,3,1992,66.4217546582222
0,3,1993,58.722179383039474
0,3,1994,81.39488846063614
0,3,1995,78.63377034664154
0,3,1996,96.25253081321716
0,3,1997,122.22380191087723
0,3,1998,40.659673511981964
0,3,1999,32.6744019985199
0,3,2000,57.863518595695496
0,3,2001,47.846607863903046
0,3,2002,51.690660417079926
0,3,2003,66.32473319768906
0,3,2004,78.10529321432114
0,3,2005,61.606574803590775
0,3,2006,53.09273302555084
0,3,2007,62.18439340591431
0,3,2008,47.742556780576706
0,3,2009,45.912954956293106
0,3,2010,43.849777430295944
0,3,2011,71.63535803556442
0,3,2012,71.1488351225853
0,3,2013,50.33745616674423
0,3,2014,57.49224126338959
0,3,2015,43.03734749555588
0,4,1981,56.99051171541214
0,4,1982,46.200621873140335
0,4,1983,58.31518769264221
0,4,1984,55.008821189403534
0,4,1985,62.59146332740784
0,4,1986,99.41668808460236
0,4,1987,71.2755024433136
0,4,1988,58.55528637766838
0,4,1989,50.13888329267502
0,4,1990,48.45397174358368
0,4,1991,76.64026319980621
0,4,1992,40.301550179719925
0,4,1993,100.36296397447586
0,4,1994,35.298336297273636
0,4,1995,60.77878922224045
0,4,1996,40.70764780044556
0,4,1997,42.844414710998535
0,4,1998,109.69558358192444
0,4,1999,74.81581717729568
0,4,2000,46.57217115163803
0,4,2001,35.47794371843338
0,4,2002,60.05457788705826
0,4,2003,44.865839183330536
0,4,2004,65.34377485513687
0,4,2005,75.15094429254532
0,4,2006,53.518302738666534
0,4,2007,63.37982416152954
0,4,2008,44.06697303056717
0,4,2009,80.320343375206
0,4,2010,51.74311622977257
0,4,2011,59.63463336229324
0,4,2012,69.88614797592163
0,4,2013,63.029661774635315
0,4,2014,43.01450401544571
0,4,2015,86.05410158634186
0,5,1981,63.940852880477905
0,5,1982,65.1998370885849
0,5,1983,34.32842344045639
0,5,1984,47.09358885884285
0,5,1985,91.9981449842453
0,5,1986,52.366890013217926
0,5,1987,38.35397586226463
0,5,1988,45.156169682741165
0,5,1989,108.76336693763733
0,5,1990,59.927184134721756
0,5,1991,46.255744993686676
0,5,1992,43.74292865395546
0,5,1993,49.45170879364014
0,5,1994,43.95187646150589
0,5,1995,72.33178615570068
0,5,1996,37.574999034404755
0,5,1997,56.911565363407135
0,5,1998,53.664062172174454
0,5,1999,43.32347214221954
0,5,2000,48.161838203668594
0,5,2001,96.20216488838196
0,5,2002,99.87267106771469
0,5,2003,62.50159442424774
0,5,2004,78.71225476264954
0,5,2005,76.86472684144974
0,5,2006,56.416261941194534
0,5,2007,59.40641835331917
0,5,2008,71.81517034769058
0,5,2009,87.61796355247498
0,5,2010,78.94188910722733
0,5,2011,37.40150108933449
0,5,2012,67.85885989665985
0,5,2013,90.40050953626633
0,5,2014,87.16806024312973
0,5,2015,60.425788164138794
1,2,1981,55.613353848457336
1,2,1982,84.64080840349197
1,2,1983,75.13660192489624
1,2,1984,70.98545879125595
1,2,1985,69.21317428350449
1,2,1986,45.03767937421799
1,2,1987,57.97448009252548
1,2,1988,58.15607309341431
1,2,1989,41.78184270858765
1,2,1990,107.99846798181534
1,2,1991,83.51633697748184
1,2,1992,59.82765555381775
1,2,1993,62.27600574493408
1,2,1994,34.81020778417587
1,2,1995,66.3614496588707
1,2,1996,73.941670358181
1,2,1997,72.07105308771133
1,2,1998,51.70845612883568
1,2,1999,49.396805465221405
1,2,2000,78.82463186979294
1,2,2001,49.735795706510544
1,2,2002,65.77619910240173
1,2,2003,54.35515195131302
1,2,2004,57.33507126569748
1,2,2005,88.79699558019638
1,2,2006,65.29794633388519
1,2,2007,100.10838508605957
1,2,2008,101.38007253408432
1,2,2009,68.0076852440834
1,2,2010,31.66748955845833
1,2,2011,57.21330642700195
1,2,2012,59.723809361457825
1,2,2013,70.65548747777939
1,2,2014,64.52509760856628
1,2,2015,63.85079771280289
1,3,1981,58.90023335814476
1,3,1982,51.88851058483124
1,3,1983,70.75748592615128
1,3,1984,57.21279978752136
1,3,1985,85.54433286190033
1,3,1986,42.94726252555847
1,3,1987,47.21858352422714
1,3,1988,60.436662286520004
1,3,1989,54.66066673398018
1,3,1990,43.52135956287384
1,3,1991,66.34390354156494
1,3,1992,67.3053115606308
1,3,1993,63.02797794342041
1,3,1994,46.12548649311066
1,3,1995,69.21856850385666
1,3,1996,52.171677350997925
1,3,1997,49.687329679727554
1,3,1998,35.14615446329117
1,3,1999,59.90077555179596
1,3,2000,62.1405690908432
1,3,2001,60.695841908454895
1,3,2002,85.6483057141304
1,3,2003,48.50653186440468
1,3,2004,55.70382997393608
1,3,2005,44.625237584114075
1,3,2006,47.1690371632576
1,3,2007,33.871110528707504
1,3,2008,60.628555715084076
1,3,2009,54.79543283581734
1,3,2010,51.88335105776787
1,3,2011,39.60643708705902
1,3,2012,62.65711784362793
1,3,2013,46.69186845421791
1,3,2014,44.27274316549301
1,3,2015,36.66786104440689
1,4,1981,54.4884167611599
1,4,1982,35.133350640535355
1,4,1983,54.97581139206886
1,4,1984,67.29210913181305
1,4,1985,74.06137883663177
1,4,1986,53.61209064722061
1,4,1987,62.01182305812836
1,4,1988,47.27085307240486
1,4,1989,44.042836874723434
1,4,1990,63.59358876943588
1,4,1991,49.622517079114914
1,4,1992,36.40653192996979
1,4,1993,63.841819763183594
1,4,1994,47.947537153959274
1,4,1995,39.32774066925049
1,4,1996,51.33703351020813
1,4,1997,42.02060028910637
1,4,1998,58.25447663664818
1,4,1999,59.89038199186325
1,4,2000,49.78059604763985
1,4,2001,84.14453268051147
1,4,2002,69.97237354516983
1,4,2003,54.5673668384552
1,4,2004,83.27291160821915
1,4,2005,64.2390325665474
1,4,2006,87.90159970521927
1,4,2007,38.7495718896389
1,4,2008,73.17497581243515
1,4,2009,58.39667469263077
1,4,2010,58.537665754556656
1,4,2011,54.430145770311356
1,4,2012,69.55231726169586
1,4,2013,133.98155570030212
1,4,2014,76.67311280965805
1,4,2015,45.649368315935135
1,5,1981,71.6477483510971
1,5,1982,56.81677535176277
1,5,1983,56.59802630543709
1,5,1984,66.27850979566574
1,5,1985,64.28457051515579
1,5,1986,39.733655750751495
1,5,1987,82.47040957212448
1,5,1988,49.02542009949684
1,5,1989,45.70397734642029
1,5,1990,49.451567232608795
1,5,1991,42.80761629343033
1,5,1992,63.85771185159683
1,5,1993,26.20386704802513
1,5,1994,41.02711379528046
1,5,1995,47.8203259408474
1,5,1996,54.484255611896515
1,5,1997,40.37762060761452
1,5,1998,50.546012818813324
1,5,1999,45.9652803838253
1,5,2000,37.88023814558983
1,5,2001,41.65367782115936
1,5,2002,41.968945413827896
1,5,2003,41.93287342786789
1,5,2004,60.42219698429108
1,5,2005,62.917329370975494
1,5,2006,47.02650010585785
1,5,2007,82.59572088718414
1,5,2008,46.26651853322983
1,5,2009,57.637713849544525
1,5,2010,48.33795130252838
1,5,2011,50.50241947174072
1,5,2012,53.8104847073555
1,5,2013,64.11866098642349
1,5,2014,57.996634393930435
1,5,2015,48.33896830677986
2,2,1981,62.341801822185516
2,2,1982,79.65187728404999
2,2,1983,67.82179325819016
2,2,1984,35.61292961239815
2,2,1985,77.50479131937027
2,2,1986,52.19044163823128
2,2,1987,53.0562624335289
2,2,1988,102.96951979398727
2,2,1989,59.15002152323723
2,2,1990,51.05152726173401
2,2,1991,67.29737669229507
2,2,1992,49.78717863559723
2,2,1993,56.736983358860016
2,2,1994,75.54004341363907
2,2,1995,48.2189916074276
2,2,1996,51.786504685878754
2,2,1997,43.45767945051193
2,2,1998,49.32867735624313
2,2,1999,59.519585222005844
2,2,2000,37.64132782816887
2,2,2001,42.79470443725586
2,2,2002,58.410320430994034
2,2,2003,62.34218180179596
2,2,2004,42.544376105070114
2,2,2005,49.163077026605606
2,2,2006,59.136345982551575
2,2,2007,35.56777536869049
2,2,2008,59.35664847493172
2,2,2009,47.890063375234604
2,2,2010,81.83205127716064
2,2,2011,64.26077336072922
2,2,2012,47.10874706506729
2,2,2013,55.820971727371216
2,2,2014,69.45495307445526
2,2,2015,65.61698764562607
2,3,1981,65.19443541765213
2,3,1982,63.58806788921356
2,3,1983,51.7394058406353
2,3,1984,31.70572593808174
2,3,1985,54.009392857551575
2,3,1986,61.92808225750923
2,3,1987,51.87232047319412
2,3,1988,85.92192828655243
2,3,1989,67.36721098423004
2,3,1990,43.00865903496742
2,3,1991,49.38337951898575
2,3,1992,52.55389213562012
2,3,1993,42.50060394406319
2,3,1994,67.4290880560875
2,3,1995,62.219515442848206
2,3,1996,40.045637637376785
2,3,1997,47.35850915312767
2,3,1998,47.27206006646156
2,3,1999,45.51923647522926
2,3,2000,49.468398094177246
2,3,2001,69.25502419471741
2,3,2002,70.01841068267822
2,3,2003,58.310411870479584
2,3,2004,42.084723711013794
2,3,2005,63.48499655723572
2,3,2006,56.020233780145645
2,3,2007,57.22928047180176
2,3,2008,57.17672035098076
2,3,2009,78.18236947059631
2,3,2010,64.0452429652214
2,3,2011,44.63734105229378
2,3,2012,83.66087824106216
2,3,2013,38.13311457633972
2,3,2014,53.903598338365555
2,3,2015,41.84110835194588
2,4,1981,47.967806458473206
2,4,1982,44.11143809556961
2,4,1983,69.1458061337471
2,4,1984,76.68609172105789
2,4,1985,58.20845067501068
2,4,1986,72.77921587228775
2,4,1987,52.38010734319687
2,4,1988,41.54069721698761
2,4,1989,68.7926933169365
2,4,1990,48.149801790714264
2,4,1991,44.8807030916214
2,4,1992,41.89818352460861
2,4,1993,62.546998262405396
2,4,1994,59.608094394207
2,4,1995,51.57069489359856
2,4,1996,79.31968569755554
2,4,1997,41.69171303510666
2,4,1998,54.066769778728485
2,4,1999,38.40281441807747
2,4,2000,86.06775104999542
2,4,2001,69.5401281118393
2,4,2002,67.74643808603287
2,4,2003,56.211117655038834
2,4,2004,81.5921276807785
2,4,2005,62.19892576336861
2,4,2006,34.6052311360836
2,4,2007,38.38092461228371
2,4,2008,50.35437270998955
2,4,2009,58.981288224458694
2,4,2010,69.0101683139801
2,4,2011,51.606934517621994
2,4,2012,53.46854031085968
2,4,2013,50.30957609415054
2,4,2014,50.14730617403984
2,4,2015,57.05435201525688
2,5,1981,52.59166657924652
2,5,1982,55.261801928281784
2,5,1983,55.51954358816147
2,5,1984,68.73741000890732
2,5,1985,77.83728092908859
2,5,1986,82.92430639266968
2,5,1987,65.15339761972427
2,5,1988,66.23179465532303
2,5,1989,67.13830679655075
2,5,1990,70.18860429525375
2,5,1991,39.33362290263176
2,5,1992,72.22229987382889
2,5,1993,46.51780053973198
2,5,1994,47.43639752268791
2,5,1995,75.79146325588226
2,5,1996,33.37622061371803
2,5,1997,40.42106866836548
2,5,1998,45.94992846250534
2,5,1999,56.861985474824905
2,5,2000,99.3097722530365
2,5,2001,67.4915537238121
2,5,2002,56.71723559498787
2,5,2003,76.72677934169769
2,5,2004,46.290867030620575
2,5,2005,48.16798120737076
2,5,2006,72.47985154390335
2,5,2007,59.355247765779495
2,5,2008,63.05066496133804
2,5,2009,33.28154608607292
2,5,2010,47.54142090678215
2,5,2011,70.21806389093399
2,5,2012,62.177158892154694
2,5,2013,55.41465803980827
2,5,2014,56.33753165602684
2,5,2015,54.036010056734085
3,2,1981,44.290363788604736
3,2,1982,46.735141426324844
3,2,1983,70.1068863272667
3,2,1984,60.04868075251579
3,2,1985,67.16267764568329
3,2,1986,50.958361476659775
3,2,1987,45.32540962100029
3,2,1988,40.52269458770752
3,2,1989,64.31221961975098
3,2,1990,72.53904640674591
3,2,1991,53.21459844708443
3,2,1992,60.20712107419968
3,2,1993,73.60788434743881
3,2,1994,69.28414851427078
3,2,1995,84.03563499450684
3,2,1996,82.81660079956055
3,2,1997,53.15694957971573
3,2,1998,42.61694848537445
3,2,1999,65.96854329109192
3,2,2000,107.04410821199417
3,2,2001,55.91229721903801
3,2,2002,39.74883630871773
3,2,2003,74.80575144290924
3,2,2004,37.726931273937225
3,2,2005,66.84577465057373
3,2,2006,62.35787272453308
3,2,2007,66.02180004119873
3,2,2008,58.00683796405792
3,2,2009,59.31859463453293
3,2,2010,52.382808178663254
3,2,2011,34.55043211579323
3,2,2012,54.53404039144516
3,2,2013,49.99512806534767
3,2,2014,72.18462228775024
3,2,2015,54.15043234825134
3,3,1981,65.26483595371246
3,3,1982,57.77208134531975
3,3,1983,61.93481758236885
3,3,1984,46.48460075259209
3,3,1985,40.15469178557396
3,3,1986,53.188055753707886
3,3,1987,49.722909927368164
3,3,1988,36.8594229221344
3,3,1989,83.71097594499588
3,3,1990,43.54704171419144
3,3,1991,58.49211663007736
3,3,1992,43.444473296403885
3,3,1993,76.75042003393173
3,3,1994,49.116555601358414
3,3,1995,93.76571327447891
3,3,1996,45.073047280311584
3,3,1997,41.63716360926628
3,3,1998,58.41115117073059
3,3,1999,41.070692241191864
3,3,2000,75.37588477134705
3,3,2001,45.33185809850693
3,3,2002,24.594085291028023
3,3,2003,57.83858522772789
3,3,2004,53.44799906015396
3,3,2005,39.55703228712082
3,3,2006,114.00212347507477
3,3,2007,51.639579236507416
3,3,2008,41.18570312857628
3,3,2009,50.93999207019806
3,3,2010,51.15826055407524
3,3,2011,36.77503019571304
3,3,2012,86.05214953422546
3,3,2013,35.81581264734268
3,3,2014,97.97225147485733
3,3,2015,35.96249222755432
3,4,1981,65.12557715177536
3,4,1982,75.66054910421371
3,4,1983,40.285222232341766
3,4,1984,56.23766779899597
3,4,1985,64.30131196975708
3,4,1986,60.37032976746559
3,4,1987,72.65125960111618
3,4,1988,32.70973637700081
3,4,1989,53.480662405490875
3,4,1990,50.476718693971634
3,4,1991,57.71210789680481
3,4,1992,70.12706249952316
3,4,1993,56.16042762994766
3,4,1994,98.00632297992706
3,4,1995,59.02126431465149
3,4,1996,70.04475593566895
3,4,1997,39.8109145462513
3,4,1998,55.61283603310585
3,4,1999,43.37655007839203
3,4,2000,43.61711069941521
3,4,2001,61.53200566768646
3,4,2002,50.506554543972015
3,4,2003,79.78345453739166
3,4,2004,49.51312020421028
3,4,2005,54.47692796587944
3,4,2006,55.51118031144142
3,4,2007,51.61448195576668
3,4,2008,57.42379277944565
3,4,2009,72.87294417619705
3,4,2010,57.81202390789986
3,4,2011,38.12389448285103
3,4,2012,76.13804191350937
3,4,2013,68.52907687425613
3,4,2014,92.02313423156738
3,4,2015,65.5139610171318
3,5,1981,57.850051671266556
3,5,1982,48.484280705451965
3,5,1983,77.81041413545609
3,5,1984,49.90094155073166
3,5,1985,71.0335448384285
3,5,1986,31.22079186141491
3,5,1987,62.04516440629959
3,5,1988,51.99896544218063
3,5,1989,56.72726035118103
3,5,1990,91.25050902366638
3,5,1991,65.68369269371033
3,5,1992,64.15724009275436
3,5,1993,65.80499559640884
3,5,1994,53.5745732486248
3,5,1995,55.927883833646774
3,5,1996,50.79495534300804
3,5,1997,53.51683497428894
3,5,1998,61.77688017487526
3,5,1999,108.28705132007599
3,5,2000,41.646890342235565
3,5,2001,68.27542185783386
3,5,2002,67.81543791294098
3,5,2003,56.46172538399696
3,5,2004,75.4375010728836
3,5,2005,85.07569879293442
3,5,2006,35.37874296307564
3,5,2007,78.49698513746262
3,5,2008,51.208753138780594
3,5,2009,84.55900847911835
3,5,2010,51.666900515556335
3,5,2011,55.49442023038864
3,5,2012,74.03561472892761
3,5,2013,42.17441380023956
3,5,2014,55.472858250141144
3,5,2015,60.646604746580124
4,2,1981,65.91552495956421
4,2,1982,68.23892146348953
4,2,1983,41.579488664865494
4,2,1984,65.84183871746063
4,2,1985,31.15306608378887
4,2,1986,78.2926082611084
4,2,1987,77.19672471284866
4,2,1988,82.67014473676682
4,2,1989,77.74659246206284
4,2,1990,49.71837252378464
4,2,1991,67.4368143081665
4,2,1992,72.8982761502266
4,2,1993,36.98402643203735
4,2,1994,77.32392102479935
4,2,1995,47.450993210077286
4,2,1996,59.19704586267471
4,2,1997,43.31308603286743
4,2,1998,59.4869889318943
4,2,1999,59.758756309747696
4,2,2000,70.46187669038773
4,2,2001,61.534617096185684
4,2,2002,45.64466327428818
4,2,2003,42.12189093232155
4,2,2004,67.32535362243652
4,2,2005,45.59314250946045
4,2,2006,54.95435371994972
4,2,2007,102.45344787836075
4,2,2008,43.17604377865791
4,2,2009,62.27927654981613
4,2,2010,65.14213979244232
4,2,2011,49.6089942753315
4,2,2012,43.46185922622681
4,2,2013,57.94725939631462
4,2,2014,57.26565793156624
4,2,2015,48.6302487552166
4,3,1981,50.97950994968414
4,3,1982,52.867770195007324
4,3,1983,57.78024345636368
4,3,1984,44.60055008530617
4,3,1985,86.47533506155014
4,3,1986,73.92673194408417
4,3,1987,66.79470092058182
4,3,1988,105.46872764825821
4,3,1989,80.04672825336456
4,3,1990,42.51408576965332
4,3,1991,49.103956669569016
4,3,1992,55.479515343904495
4,3,1993,56.60241097211838
4,3,1994,53.889114409685135
4,3,1995,55.56292459368706
4,3,1996,62.58063763380051
4,3,1997,46.599116176366806
4,3,1998,48.90367016196251
4,3,1999,75.60514658689499
4,3,2000,80.51139861345291
4,3,2001,61.778515577316284
4,3,2002,63.50567936897278
4,3,2003,59.717923402786255
4,3,2004,52.53799259662628
4,3,2005,42.67989844083786
4,3,2006,44.472869485616684
4,3,2007,54.306112229824066
4,3,2008,33.19774940609932
4,3,2009,65.8874437212944
4,3,2010,53.41784283518791
4,3,2011,64.53664600849152
4,3,2012,60.96506491303444
4,3,2013,65.26722759008408
4,3,2014,58.58925357460976
4,3,2015,61.20496243238449
4,4,1981,74.1233378648758
4,4,1982,49.9902069568634
4,4,1983,63.218407332897186
4,4,1984,74.63792711496353
4,4,1985,60.15041843056679
4,4,1986,56.77993595600128
4,4,1987,49.76651817560196
4,4,1988,58.892764151096344
4,4,1989,48.864468932151794
4,4,1990,41.5169931948185
4,4,1991,63.918448984622955
4,4,1992,52.54125967621803
4,4,1993,59.75763127207756
4,4,1994,57.3861189186573
4,4,1995,55.487677454948425
4,4,1996,52.88912355899811
4,4,1997,56.36708438396454
4,4,1998,54.85028401017189
4,4,1999,64.27512317895889
4,4,2000,42.932700365781784
4,4,2001,58.59912186861038
4,4,2002,41.29338636994362
4,4,2003,70.50304859876633
4,4,2004,29.507508501410484
4,4,2005,74.30461049079895
4,4,2006,60.85344776511192
4,4,2007,55.01953884959221
4,4,2008,73.59088212251663
4,4,2009,50.21828040480614
4,4,2010,82.66744017601013
4,4,2011,46.849098056554794
4,4,2012,44.28120329976082
4,4,2013,38.825586438179016
4,4,2014,98.32260757684708
4,4,2015,39.689674973487854
4,5,1981,58.86487290263176
4,5,1982,60.87924540042877
4,5,1983,34.40406918525696
4,5,1984,48.20499196648598
4,5,1985,76.00057870149612
4,5,1986,48.48527908325195
4,5,1987,38.27667608857155
4,5,1988,56.47922307252884
4,5,1989,40.60555249452591
4,5,1990,47.84141108393669
4,5,1991,36.95983067154884
4,5,1992,69.99518722295761
4,5,1993,63.7257844209671
4,5,1994,85.20136028528214
4,5,1995,55.83595857024193
4,5,1996,45.37006467580795
4,5,1997,49.67469722032547
4,5,1998,67.84144043922424
4,5,1999,52.081432193517685
4,5,2000,83.76813679933548
4,5,2001,73.67730140686035
4,5,2002,78.4027948975563
4,5,2003,56.01775646209717
4,5,2004,110.4612722992897
4,5,2005,41.469309478998184
4,5,2006,49.90825802087784
4,5,2007,60.391783714294434
4,5,2008,45.032862573862076
4,5,2009,132.19143450260162
4,5,2010,77.54559069871902
4,5,2011,73.90504330396652
4,5,2012,92.9989293217659
4,5,2013,35.18959879875183
4,5,2014,62.87780404090881
4,5,2015,71.46419584751129
5,2,1981,52.67558619379997
5,2,1982,38.3908636868
5,2,1983,67.50152260065079
5,2,1984,73.24403524398804
5,2,1985,45.086391270160675
5,2,1986,47.823209315538406
5,2,1987,52.096035331487656
5,2,1988,68.59663873910904
5,2,1989,70.56894898414612
5,2,1990,72.07908481359482
5,2,1991,60.32489612698555
5,2,1992,39.29472714662552
5,2,1993,54.2246475815773
5,2,1994,76.62337273359299
5,2,1995,46.374812722206116
5,2,1996,42.80130937695503
5,2,1997,43.492186814546585
5,2,1998,80.80592751502991
5,2,1999,62.49439716339111
5,2,2000,64.71509486436844
5,2,2001,73.73382896184921
5,2,2002,58.29053744673729
5,2,2003,51.85581371188164
5,2,2004,36.78353503346443
5,2,2005,63.85350972414017
5,2,2006,43.64752024412155
5,2,2007,40.098123252391815
5,2,2008,51.61517858505249
5,2,2009,33.050287514925
5,2,2010,52.41762846708298
5,2,2011,59.78003144264221
5,2,2012,32.886140048503876
5,2,2013,44.02982443571091
5,2,2014,45.24930939078331
5,2,2015,60.92288717627525
5,3,1981,103.80271077156067
5,3,1982,68.91345977783203
5,3,1983,68.99229437112808
5,3,1984,46.64374142885208
5,3,1985,34.88042205572128
5,3,1986,36.23570501804352
5,3,1987,49.05802384018898
5,3,1988,58.0144003033638
5,3,1989,65.05238264799118
5,3,1990,70.12255489826202
5,3,1991,55.48257380723953
5,3,1992,43.975938111543655
5,3,1993,65.61462581157684
5,3,1994,44.03306543827057
5,3,1995,36.77285090088844
5,3,1996,41.770089417696
5,3,1997,95.59949487447739
5,3,1998,42.34021157026291
5,3,1999,36.13698109984398
5,3,2000,60.085318982601166
5,3,2001,75.73704421520233
5,3,2002,49.196477979421616
5,3,2003,76.6107589006424
5,3,2004,64.91478532552719
5,3,2005,51.69696733355522
5,3,2006,57.41367116570473
5,3,2007,66.31079316139221
5,3,2008,96.68973088264465
5,3,2009,37.549618631601334
5,3,2010,37.446845322847366
5,3,2011,83.95319432020187
5,3,2012,66.0378709435463
5,3,2013,49.16752502322197
5,3,2014,70.9226205945015
5,3,2015,44.976796954870224
5,4,1981,62.20585107803345
5,4,1982,75.16824454069138
5,4,1983,48.69441315531731
5,4,1984,41.56883805990219
5,4,1985,49.66301470994949
5,4,1986,57.84350633621216
5,4,1987,55.33621087670326
5,4,1988,61.74300238490105
5,4,1989,40.73258116841316
5,4,1990,41.2435382604599
5,4,1991,61.692818999290466
5,4,1992,43.178945779800415
5,4,1993,64.40017372369766
5,4,1994,48.856135457754135
5,4,1995,66.2318468093872
5,4,1996,54.397713392972946
5,4,1997,62.60755658149719
5,4,1998,60.18802151083946
5,4,1999,66.82287156581879
5,4,2000,45.66062614321709
5,4,2001,67.88863986730576
5,4,2002,51.390767097473145
5,4,2003,52.799977362155914
5,4,2004,50.59266462922096
5,4,2005,33.974822610616684
5,4,2006,54.89401891827583
5,4,2007,54.56037446856499
5,4,2008,45.04365846514702
5,4,2009,73.63708317279816
5,4,2010,100.56328773498535
5,4,2011,39.861056953668594
5,4,2012,39.10716995596886
5,4,2013,49.14045333862305
5,4,2014,108.77273976802826
5,4,2015,51.950812339782715
5,5,1981,53.45441401004791
5,5,1982,57.25252628326416
5,5,1983,67.22559034824371
5,5,1984,47.934237867593765
5,5,1985,55.61763420701027
5,5,1986,62.25411221385002
5,5,1987,89.19718861579895
5,5,1988,41.18349403142929
5,5,1989,61.43468618392944
5,5,1990,81.7343145608902
5,5,1991,55.39928749203682
5,5,1992,55.04399910569191
5,5,1993,29.907535761594772
5,5,1994,50.57082325220108
5,5,1995,60.40676683187485
5,5,1996,83.84215831756592
5,5,1997,38.029201328754425
5,5,1998,83.10213685035706
5,5,1999,42.26994514465332
5,5,2000,74.67246055603027
5,5,2001,64.5865797996521
5,5,2002,44.29173842072487
5,5,2003,50.675664097070694
5,5,2004,59.13076549768448
5,5,2005,67.23493337631226
5,5,2006,50.46907067298889
5,5,2007,72.21251726150513
5,5,2008,70.1766312122345
5,5,2009,65.95516204833984
5,5,2010,79.9846202135086
5,5,2011,50.808943808078766
5,5,2012,62.741778790950775
5,5,2013,58.940112590789795
5,5,2014,37.64301538467407
5,5,2015,61.37498468160629
6,2,1981,79.9400582909584
6,2,1982,63.25545907020569
6,2,1983,69.9400082230568
6,2,1984,45.834146440029144
6,2,1985,54.59696054458618
6,2,1986,46.07268422842026
6,2,1987,60.69709733128548
6,2,1988,46.87287658452988
6,2,1989,54.967451840639114
6,2,1990,45.85397243499756
6,2,1991,40.12051969766617
6,2,1992,52.41652950644493
6,2,1993,63.876159489154816
6,2,1994,62.5891238451004
6,2,1995,70.25515288114548
6,2,1996,54.473232477903366
6,2,1997,75.71761310100555
6,2,1998,101.19079053401947
6,2,1999,54.455410689115524
6,2,2000,57.792723178863525
6,2,2001,51.21511220932007
6,2,2002,59.86512824892998
6,2,2003,43.98162290453911
6,2,2004,43.83730888366699
6,2,2005,41.833072900772095
6,2,2006,81.54270797967911
6,2,2007,78.134685754776
6,2,2008,70.611372590065
6,2,2009,82.09072053432465
6,2,2010,58.80237743258476
6,2,2011,44.044606387615204
6,2,2012,64.32916224002838
6,2,2013,48.48147928714752
6,2,2014,60.60958281159401
6,2,2015,71.07578217983246
6,3,1981,47.00453206896782
6,3,1982,52.21996828913689
6,3,1983,45.76617106795311
6,3,1984,71.34643197059631
6,3,1985,68.61978769302368
6,3,1986,65.13825803995132
6,3,1987,76.86842232942581
6,3,1988,39.675917476415634
6,3,1989,56.878071278333664
6,3,1990,45.32209783792496
6,3,1991,58.979202061891556
6,3,1992,46.70288413763046
6,3,1993,52.11305245757103
6,3,1994,45.103881508111954
6,3,1995,46.55526950955391
6,3,1996,82.8864723443985
6,3,1997,54.59233000874519
6,3,1998,52.8513602912426
6,3,1999,69.83642280101776
6,3,2000,58.06181952357292
6,3,2001,40.56675732135773
6,3,2002,53.87060344219208
6,3,2003,83.11711996793747
6,3,2004,111.05775088071823
6,3,2005,41.71660915017128
6,3,2006,42.4589067697525
6,3,2007,58.27134847640991
6,3,2008,35.27609631419182
6,3,2009,38.698796182870865
6,3,2010,40.46741500496864
6,3,2011,69.6951299905777
6,3,2012,35.04756838083267
6,3,2013,61.61170452833176
6,3,2014,55.54922670125961
6,3,2015,46.481892466545105
6,4,1981,52.1417111158371
6,4,1982,40.85303470492363
6,4,1983,52.10365727543831
6,4,1984,65.33262133598328
6,4,1985,38.01899403333664
6,4,1986,38.75512257218361
6,4,1987,56.929122656583786
6,4,1988,68.11418384313583
6,4,1989,34.52691435813904
6,4,1990,43.6490960419178
6,4,1991,67.12979823350906
6,4,1992,91.06619656085968
6,4,1993,49.77145045995712
6,4,1994,42.53801330924034
6,4,1995,31.935915350914
6,4,1996,72.78813421726227
6,4,1997,50.00831186771393
6,4,1998,49.46403577923775
6,4,1999,67.14890152215958
6,4,2000,67.08153337240219
6,4,2001,50.032760947942734
6,4,2002,55.745407938957214
6,4,2003,61.96203827857971
6,4,2004,35.7213169336319
6,4,2005,52.72383242845535
6,4,2006,70.5670490860939
6,4,2007,116.19322746992111
6,4,2008,62.002841383218765
6,4,2009,45.568883419036865
6,4,2010,75.26461035013199
6,4,2011,47.0559261739254
6,4,2012,39.184343069791794
6,4,2013,58.80704149603844
6,4,2014,50.50509423017502
6,4,2015,42.88952052593231
6,5,1981,49.42544177174568
6,5,1982,66.6227862238884
6,5,1983,54.52200770378113
6,5,1984,45.92443257570267
6,5,1985,42.2794446349144
6,5,1986,44.10771280527115
6,5,1987,61.54512241482735
6,5,1988,52.49367281794548
6,5,1989,90.50897508859634
6,5,1990,44.9335016310215
6,5,1991,49.07427728176117
6,5,1992,49.68857392668724
6,5,1993,48.10386523604393
6,5,1994,69.85185295343399
6,5,1995,37.85236552357674
6,5,1996,59.20758470892906
6,5,1997,82.80155807733536
6,5,1998,58.79160389304161
6,5,1999,51.27519741654396
6,5,2000,70.1206624507904
6,5,2001,54.98227849602699
6,5,2002,42.54833236336708
6,5,2003,53.14567685127258
6,5,2004,61.896029859781265
6,5,2005,55.06788566708565
6,5,2006,56.04136362671852
6,5,2007,70.90288400650024
6,5,2008,37.180058658123016
6,5,2009,46.55573144555092
6,5,2010,91.22969210147858
6,5,2011,47.250792384147644
6,5,2012,41.27466678619385
6,5,2013,78.71441543102264
6,5,2014,54.739564657211304
6,5,2015,47.475170344114304
7,2,1981,57.44665488600731
7,2,1982,61.783671379089355
7,2,1983,37.34706714749336
7,2,1984,90.32069891691208
7,2,1985,44.08251866698265
7,2,1986,68.62545013427734
7,2,1987,71.89452648162842
7,2,1988,32.45214745402336
7,2,1989,75.25457441806793
7,2,1990,58.33809822797775
7,2,1991,85.56333929300308
7,2,1992,52.357710897922516
7,2,1993,30.493397265672684
7,2,1994,46.44788056612015
7,2,1995,49.080636352300644
7,2,1996,55.76132982969284
7,2,1997,34.89882871508598
7,2,1998,43.6662994325161
7,2,1999,45.26752978563309
7,2,2000,65.93731790781021
7,2,2001,76.58033818006516
7,2,2002,64.27636742591858
7,2,2003,34.692876040935516
7,2,2004,50.566572695970535
7,2,2005,63.31327557563782
7,2,2006,42.99556091427803
7,2,2007,64.7507980465889
7,2,2008,63.67052346467972
7,2,2009,95.61270475387573
7,2,2010,66.03030860424042
7,2,2011,56.38192221522331
7,2,2012,60.34306064248085
7,2,2013,68.1760311126709
7,2,2014,64.76318091154099
7,2,2015,52.696507424116135
7,3,1981,47.879409044981
7,3,1982,54.198212921619415
7,3,1983,84.91235971450806
7,3,1984,61.98550760746002
7,3,1985,72.11697846651077
7,3,1986,59.293463826179504
7,3,1987,42.63206943869591
7,3,1988,49.65099319815636
7,3,1989,54.489605128765106
7,3,1990,36.45092993974686
7,3,1991,39.937686175107956
7,3,1992,48.19981008768082
7,3,1993,49.3740476667881
7,3,1994,42.31620207428932
7,3,1995,60.60656160116196
7,3,1996,64.33592736721039
7,3,1997,42.44139790534973
7,3,1998,43.39762404561043
7,3,1999,41.63948446512222
7,3,2000,40.91266542673111
7,3,2001,55.59011548757553
7,3,2002,62.001582235097885
7,3,2003,61.136651784181595
7,3,2004,99.63950514793396
7,3,2005,45.876577496528625
7,3,2006,75.2527266740799
7,3,2007,65.2943104505539
7,3,2008,68.94499808549881
7,3,2009,62.67383694648743
7,3,2010,60.98470464348793
7,3,2011,60.35022810101509
7,3,2012,57.05409497022629
7,3,2013,46.325862407684326
7,3,2014,46.57917469739914
7,3,2015,50.91767758131027
7,4,1981,44.7610467672348
7,4,1982,48.12900349497795
7,4,1983,50.419971346855164
7,4,1984,43.525077402591705
7,4,1985,40.16103968024254
7,4,1986,72.40864634513855
7,4,1987,64.5136758685112
7,4,1988,62.20944598317146
7,4,1989,75.35123825073242
7,4,1990,52.03743651509285
7,4,1991,42.100392282009125
7,4,1992,64.11857157945633
7,4,1993,55.52970618009567
7,4,1994,50.361268222332
7,4,1995,122.34155088663101
7,4,1996,65.80077111721039
7,4,1997,45.339327305555344
7,4,1998,62.39127367734909
7,4,1999,86.63993328809738
7,4,2000,60.97106263041496
7,4,2001,71.42551243305206
7,4,2002,43.44836249947548
7,4,2003,54.823558777570724
7,4,2004,49.01003837585449
7,4,2005,56.1799593269825
7,4,2006,52.771519869565964
7,4,2007,33.348288387060165
7,4,2008,50.812527537345886
7,4,2009,86.80619299411774
7,4,2010,87.6440554857254
7,4,2011,72.75235652923584
7,4,2012,77.11481302976608
7,4,2013,33.52323919534683
7,4,2014,35.39835289120674
7,4,2015,65.41294604539871
7,5,1981,45.22025212645531
7,5,1982,110.5617880821228
7,5,1983,52.076831459999084
7,5,1984,54.04115468263626
7,5,1985,66.39876961708069
7,5,1986,66.2524625658989
7,5,1987,47.133669257164
7,5,1988,61.47089600563049
7,5,1989,66.594198346138
7,5,1990,31.13989531993866
7,5,1991,49.88748952746391
7,5,1992,114.22271281480789
7,5,1993,63.86756896972656
7,5,1994,48.52152615785599
7,5,1995,37.022870033979416
7,5,1996,75.76265931129456
7,5,1997,42.67076402902603
7,5,1998,49.4505949318409
7,5,1999,53.07284742593765
7,5,2000,62.56762892007828
7,5,2001,57.97359719872475
7,5,2002,52.23965272307396
7,5,2003,66.90039485692978
7,5,2004,52.418190985918045
7,5,2005,59.8338209092617
7,5,2006,92.25267171859741
7,5,2007,59.5034696161747
7,5,2008,47.3177395761013
7,5,2009,70.37580758333206
7,5,2010,69.38573718070984
7,5,2011,54.810017347335815
7,5,2012,58.81316587328911
7,5,2013,39.32042047381401
7,5,2014,46.079348772764206
7,5,2015,54.56599220633507
8,2,1981,59.68078598380089
8,2,1982,39.1695536673069
8,2,1983,52.27549001574516
8,2,1984,70.75303792953491
8,2,1985,53.77732217311859
8,2,1986,70.24560868740082
8,2,1987,56.79524317383766
8,2,1988,51.109857857227325
8,2,1989,53.30810323357582
8,2,1990,48.896510154008865
8,2,1991,47.886550426483154
8,2,1992,64.18395787477493
8,2,1993,61.10023334622383
8,2,1994,79.4156938791275
8,2,1995,57.67008662223816
8,2,1996,54.5392706990242
8,2,1997,40.42359068989754
8,2,1998,103.3739447593689
8,2,1999,42.57369413971901
8,2,2000,52.27131396532059
8,2,2001,46.874530613422394
8,2,2002,44.965215027332306
8,2,2003,46.47509008646011
8,2,2004,71.7238336801529
8,2,2005,75.78100264072418
8,2,2006,116.409070789814
8,2,2007,84.89387482404709
8,2,2008,32.98860043287277
8,2,2009,70.46768814325333
8,2,2010,50.843626260757446
8,2,2011,68.94835829734802
8,2,2012,63.833147287368774
8,2,2013,62.47115507721901
8,2,2014,51.543381065130234
8,2,2015,39.550818502902985
8,3,1981,39.62436318397522
8,3,1982,63.915468752384186
8,3,1983,89.10524100065231
8,3,1984,48.59304428100586
8,3,1985,50.1495786011219
8,3,1986,123.35827201604843
8,3,1987,40.17235338687897
8,3,1988,68.94540786743164
8,3,1989,36.02541238069534
8,3,1990,42.11460053920746
8,3,1991,44.668130576610565
8,3,1992,39.409469813108444
8,3,1993,49.771349877119064
8,3,1994,26.115724816918373
8,3,1995,65.93400239944458
8,3,1996,72.65736162662506
8,3,1997,61.71385571360588
8,3,1998,75.64201951026917
8,3,1999,44.425055384635925
8,3,2000,65.74705243110657
8,3,2001,42.60031878948212
8,3,2002,40.28761759400368
8,3,2003,68.70866566896439
8,3,2004,86.51775866746902
8,3,2005,52.30836942791939
8,3,2006,56.986626237630844
8,3,2007,50.465553998947144
8,3,2008,62.87046521902084
8,3,2009,40.75105860829353
8,3,2010,46.69719189405441
8,3,2011,62.467869371175766
8,3,2012,48.44089597463608
8,3,2013,69.00016963481903
8,3,2014,75.51344484090805
8,3,2015,49.055252224206924
8,4,1981,58.933764696121216
8,4,1982,85.6471061706543
8,4,1983,69.25039738416672
8,4,1984,59.01239812374115
8,4,1985,38.092274218797684
8,4,1986,50.44553428888321
8,4,1987,34.26029160618782
8,4,1988,40.94861075282097
8,4,1989,41.37656092643738
8,4,1990,59.42723527550697
8,4,1991,37.155766040086746
8,4,1992,55.80604821443558
8,4,1993,40.47413542866707
8,4,1994,41.294753551483154
8,4,1995,42.77515038847923
8,4,1996,45.11677846312523
8,4,1997,34.86423194408417
8,4,1998,66.00631773471832
8,4,1999,52.13942378759384
8,4,2000,48.237212002277374
8,4,2001,89.73906189203262
8,4,2002,52.758775651454926
8,4,2003,53.98361384868622
8,4,2004,57.31358751654625
8,4,2005,83.8814303278923
8,4,2006,38.17983716726303
8,4,2007,67.20153987407684
8,4,2008,45.940279960632324
8,4,2009,31.129011884331703
8,4,2010,109.55557972192764
8,4,2011,53.39378118515015
8,4,2012,42.16141253709793
8,4,2013,82.87110924720764
8,4,2014,48.90316352248192
8,4,2015,52.328579127788544
8,5,1981,60.653820633888245
8,5,1982,99.40270334482193
8,5,1983,43.234311044216156
8,5,1984,72.13084399700165
8,5,1985,50.74005201458931
8,5,1986,79.70190793275833
8,5,1987,52.568867802619934
8,5,1988,41.08469933271408
8,5,1989,34.263838082551956
8,5,1990,44.12712901830673
8,5,1991,79.91832494735718
8,5,1992,66.22723489999771
8,5,1993,51.505908370018005
8,5,1994,53.77040430903435
8,5,1995,58.10219421982765
8,5,1996,61.03140860795975
8,5,1997,77.09355652332306
8,5,1998,64.18553739786148
8,5,1999,82.12459087371826
8,5,2000,43.834175914525986
8,5,2001,68.01562011241913
8,5,2002,51.16816237568855
8,5,2003,52.82283201813698
8,5,2004,65.37655740976334
8,5,2005,91.11366420984268
8,5,2006,47.963500022888184
8,5,2007,26.583293452858925
8,5,2008,57.661592960357666
8,5,2009,55.86732551455498
8,5,2010,48.533257097005844
8,5,2011,56.50602653622627
8,5,2012,86.79676800966263
8,5,2013,130.1884800195694
8,5,2014,98.28880429267883
8,5,2015,38.95033150911331
9,2,1981,61.2163282930851
9,2,1982,56.09913915395737
9,2,1983,105.32357543706894
9,2,1984,48.336029052734375
9,2,1985,77.95178145170212
9,2,1986,86.47426217794418
9,2,1987,63.028186559677124
9,2,1988,60.36050617694855
9,2,1989,65.98902493715286
9,2,1990,72.62164354324341
9,2,1991,69.37280297279358
9,2,1992,44.04537379741669
9,2,1993,40.11252522468567
9,2,1994,51.182687282562256
9,2,1995,68.08330863714218
9,2,1996,72.0180794596672
9,2,1997,65.94584137201309
9,2,1998,53.51561680436134
9,2,1999,76.72477513551712
9,2,2000,33.33690017461777
9,2,2001,51.60945653915405
9,2,2002,61.99974566698074
9,2,2003,55.78437075018883
9,2,2004,58.66134166717529
9,2,2005,53.12422290444374
9,2,2006,39.63245078921318
9,2,2007,50.918594002723694
9,2,2008,63.88317793607712
9,2,2009,46.52691259980202
9,2,2010,50.48641189932823
9,2,2011,51.16690322756767
9,2,2012,33.85334461927414
9,2,2013,67.5027146935463
9,2,2014,32.569676637649536
9,2,2015,46.93637788295746
9,3,1981,59.88474562764168
9,3,1982,85.73533594608307
9,3,1983,44.26367208361626
9,3,1984,69.17295604944229
9,3,1985,80.59607446193695
9,3,1986,48.406247049570084
9,3,1987,66.69536978006363
9,3,1988,59.42986160516739
9,3,1989,35.91645881533623
9,3,1990,69.04065608978271
9,3,1991,69.61102783679962
9,3,1992,47.93667420744896
9,3,1993,50.24256557226181
9,3,1994,60.99684163928032
9,3,1995,43.987855315208435
9,3,1996,78.19677144289017
9,3,1997,46.9224788248539
9,3,1998,30.437195673584938
9,3,1999,63.99736553430557
9,3,2000,50.794828683137894
9,3,2001,66.50111824274063
9,3,2002,54.79422211647034
9,3,2003,43.261267244815826
9,3,2004,76.82424783706665
9,3,2005,73.78818839788437
9,3,2006,60.812342911958694
9,3,2007,57.20466747879982
9,3,2008,64.028799533844
9,3,2009,54.774150252342224
9,3,2010,64.29561227560043
9,3,2011,38.89292851090431
9,3,2012,54.317161440849304
9,3,2013,43.22173818945885
9,3,2014,69.46804374456406
9,3,2015,50.94585567712784
9,4,1981,36.81052103638649
9,4,1982,74.08551871776581
9,4,1983,49.10381883382797
9,4,1984,39.07936066389084
9,4,1985,64.19077515602112
9,4,1986,33.19912776350975
9,4,1987,94.28172558546066
9,4,1988,97.60788828134537
9,4,1989,99.03033077716827
9,4,1990,84.21770483255386
9,4,1991,62.829457223415375
9,4,1992,79.61916923522949
9,4,1993,91.00497514009476
9,4,1994,45.52711918950081
9,4,1995,66.85682386159897
9,4,1996,72.56955653429031
9,4,1997,69.15798038244247
9,4,1998,40.375057607889175
9,4,1999,64.14858996868134
9,4,2000,56.42147362232208
9,4,2001,53.33632230758667
9,4,2002,47.46769741177559
9,4,2003,61.38494238257408
9,4,2004,50.27466267347336
9,4,2005,67.90994852781296
9,4,2006,86.53556555509567
9,4,2007,40.886446833610535
9,4,2008,61.18393689393997
9,4,2009,59.58576127886772
9,4,2010,71.30980491638184
9,4,2011,64.65769559144974
9,4,2012,89.82028812170029
9,4,2013,33.93446281552315
9,4,2014,97.35190868377686
9,4,2015,73.3337551355362
9,5,1981,47.50629514455795
9,5,1982,55.79674243927002
9,5,1983,47.90477082133293
9,5,1984,55.4673857986927
9,5,1985,51.76311358809471
9,5,1986,55.15725165605545
9,5,1987,54.2706735432148
9,5,1988,54.25484851002693
9,5,1989,48.59157279133797
9,5,1990,32.78780356049538
9,5,1991,81.56383782625198
9,5,1992,66.9502317905426
9,5,1993,30.1474928855896
9,5,1994,66.19556248188019
9,5,1995,69.48614865541458
9,5,1996,77.47241109609604
9,5,1997,50.14576017856598
9,5,1998,43.18417236208916
9,5,1999,56.22321367263794
9,5,2000,64.87257033586502
9,5,2001,72.49138504266739
9,5,2002,46.725742518901825
9,5,2003,54.207056760787964
9,5,2004,69.04895603656769
9,5,2005,54.82563376426697
9,5,2006,38.61575201153755
9,5,2007,78.41567695140839
9,5,2008,47.29361832141876
9,5,2009,66.37638062238693
9,5,2010,42.81165450811386
9,5,2011,53.59506607055664
9,5,2012,55.699557065963745
9,5,2013,57.522159069776535
9,5,2014,71.36726379394531
9,5,2015,50.20441487431526
10,2,1981,41.273992508649826
10,2,1982,49.06189441680908
10,2,1983,70.72387635707855
10,2,1984,76.29881799221039
10,2,1985,57.3626309633255
10,2,1986,68.0423155426979
10,2,1987,50.46363174915314
10,2,1988,73.30511510372162
10,2,1989,59.87143889069557
10,2,1990,53.372953087091446
10,2,1991,54.421037435531616
10,2,1992,58.61455574631691
10,2,1993,62.15107813477516
10,2,1994,62.38589808344841
10,2,1995,47.618962824344635
10,2,1996,36.32363677024841
10,2,1997,53.081851452589035
10,2,1998,87.22223341464996
10,2,1999,54.747074842453
10,2,2000,48.23940992355347
10,2,2001,59.52148884534836
10,2,2002,82.5270339846611
10,2,2003,48.89616742730141
10,2,2004,74.50580596923828
10,2,2005,45.64398154616356
10,2,2006,36.32703050971031
10,2,2007,58.60047787427902
10,2,2008,74.60243999958038
10,2,2009,41.27215966582298
10,2,2010,51.5153594315052
10,2,2011,39.825212210416794
10,2,2012,59.79466810822487
10,2,2013,48.659298568964005
10,2,2014,51.51648446917534
10,2,2015,61.12337112426758
10,3,1981,72.5071132183075
10,3,1982,44.647712260484695
10,3,1983,51.64689943194389
10,3,1984,52.12676525115967
10,3,1985,43.52482408285141
10,3,1986,103.53123396635056
10,3,1987,66.76656007766724
10,3,1988,44.344592839479446
10,3,1989,65.41182100772858
10,3,1990,74.13647323846817
10,3,1991,60.067567974328995
10,3,1992,45.70513963699341
10,3,1993,56.75128102302551
10,3,1994,63.33883851766586
10,3,1995,63.950203359127045
10,3,1996,22.16506190598011
10,3,1997,53.98833751678467
10,3,1998,43.37374493479729
10,3,1999,58.13796818256378
10,3,2000,75.67454129457474
10,3,2001,69.41530108451843
10,3,2002,47.82800003886223
10,3,2003,52.918691188097
10,3,2004,43.738141655921936
10,3,2005,53.06756868958473
10,3,2006,90.34736454486847
10,3,2007,56.26991018652916
10,3,2008,61.00529059767723
10,3,2009,73.94197583198547
10,3,2010,50.74430629611015
10,3,2011,30.386818572878838
10,3,2012,43.933019042015076
10,3,2013,46.77501693367958
10,3,2014,53.702451288700104
10,3,2015,56.60947039723396
10,4,1981,93.49674731492996
10,4,1982,40.725111961364746
10,4,1983,56.065838783979416
10,4,1984,65.39025902748108
10,4,1985,50.90367794036865
10,4,1986,82.96336978673935
10,4,1987,31.127672642469406
10,4,1988,44.24387216567993
10,4,1989,46.325646340847015
10,4,1990,48.756495118141174
10,4,1991,52.81921848654747
10,4,1992,83.786241710186
10,4,1993,47.30233550071716
10,4,1994,75.9657770395279
10,4,1995,51.290977746248245
10,4,1996,54.21851575374603
10,4,1997,63.99174779653549
10,4,1998,40.29654711484909
10,4,1999,41.92313924431801
10,4,2000,64.18205797672272
10,4,2001,51.52183026075363
10,4,2002,49.99907687306404
10,4,2003,45.06543651223183
10,4,2004,69.5657804608345
10,4,2005,60.12760475277901
10,4,2006,62.211550772190094
10,4,2007,54.99013140797615
10,4,2008,38.67204487323761
10,4,2009,55.59355765581131
10,4,2010,49.3658073246479
10,4,2011,51.88867077231407
10,4,2012,35.02770885825157
10,4,2013,69.3417489528656
10,4,2014,45.21777853369713
10,4,2015,71.35900110006332
10,5,1981,71.70135527849197
10,5,1982,93.23054552078247
10,5,1983,75.47800987958908
10,5,1984,72.69024848937988
10,5,1985,63.71019780635834
10,5,1986,40.3791144490242
10,5,1987,51.02262273430824
10,5,1988,63.073888421058655
10,5,1989,32.79534354805946
10,5,1990,48.97068440914154
10,5,1991,58.98229777812958
10,5,1992,69.57118958234787
10,5,1993,39.0167310833931
10,5,1994,61.35289743542671
10,5,1995,61.56529486179352
10,5,1996,53.380679339170456
10,5,1997,59.48159471154213
10,5,1998,49.49868097901344
10,5,1999,77.99027115106583
10,5,2000,64.82178717851639
10,5,2001,57.03800544142723
10,5,2002,50.800442695617676
10,5,2003,82.89945870637894
10,5,2004,66.60936027765274
10,5,2005,59.714604169130325
10,5,2006,64.869225025177
10,5,2007,64.26139175891876
10,5,2008,48.54056239128113
10,5,2009,64.21108543872833
10,5,2010,75.25043189525604
10,5,2011,68.3043822646141
10,5,2012,57.571232318878174
10,5,2013,39.53419625759125
10,5,2014,51.188141107559204
10,5,2015,39.318885654211044
11,2,1981,84.14872735738754
11,2,1982,56.01769685745239
11,2,1983,43.485503643751144
11,2,1984,60.069818049669266
11,2,1985,33.83569419384003
11,2,1986,75.21408051252365
11,2,1987,55.469874292612076
11,2,1988,63.8907253742218
11,2,1989,55.92621490359306
11,2,1990,59.84656512737274
11,2,1991,55.66021800041199
11,2,1992,61.50440126657486
11,2,1993,73.46179336309433
11,2,1994,50.590112805366516
11,2,1995,51.324691623449326
11,2,1996,42.67651587724686
11,2,1997,51.86070501804352
11,2,1998,78.74637842178345
11,2,1999,63.39621543884277
11,2,2000,62.384311109781265
11,2,2001,41.47118702530861
11,2,2002,62.88392096757889
11,2,2003,59.52703207731247
11,2,2004,60.20117551088333
11,2,2005,86.6459310054779
11,2,2006,48.99320378899574
11,2,2007,47.130245715379715
11,2,2008,58.54754149913788
11,2,2009,86.67423576116562
11,2,2010,44.75005716085434
11,2,2011,53.9533831179142
11,2,2012,28.470583260059357
11,2,2013,78.11616361141205
11,2,2014,73.37376475334167
11,2,2015,51.49412900209427
11,3,1981,43.75153407454491
11,3,1982,88.44825625419617
11,3,1983,45.00505328178406
11,3,1984,49.00887981057167
11,3,1985,52.30129510164261
11,3,1986,54.834797978401184
11,3,1987,40.04865512251854
11,3,1988,75.37073642015457
11,3,1989,39.63953256607056
11,3,1990,87.81764656305313
11,3,1991,55.367499589920044
11,3,1992,73.76033067703247
11,3,1993,66.72529131174088
11,3,1994,25.949938222765923
11,3,1995,56.74508959054947
11,3,1996,39.91570696234703
11,3,1997,49.60222169756889
11,3,1998,25.607064366340637
11,3,1999,42.79525578022003
11,3,2000,63.17528337240219
11,3,2001,46.309489756822586
11,3,2002,29.194330796599388
11,3,2003,65.61398506164551
11,3,2004,57.686079293489456
11,3,2005,50.2651184797287
11,3,2006,51.8011637032032
11,3,2007,63.72326612472534
11,3,2008,73.91402870416641
11,3,2009,57.16343596577644
11,3,2010,48.04432392120361
11,3,2011,63.8730525970459
11,3,2012,69.12822276353836
11,3,2013,100.36235302686691
11,3,2014,72.28478789329529
11,3,2015,55.949240922927856
11,4,1981,51.83624103665352
11,4,1982,60.33322587609291
11,4,1983,33.10210257768631
11,4,1984,36.13107651472092
11,4,1985,55.56482821702957
11,4,1986,63.583582639694214
11,4,1987,64.35219943523407
11,4,1988,82.33589679002762
11,4,1989,56.21901899576187
11,4,1990,84.8887488245964
11,4,1991,72.71291315555573
11,4,1992,40.02581536769867
11,4,1993,42.01322793960571
11,4,1994,28.792452067136765
11,4,1995,68.52807849645615
11,4,1996,42.88528859615326
11,4,1997,61.5726038813591
11,4,1998,52.52392962574959
11,4,1999,61.75975874066353
11,4,2000,66.73063337802887
11,4,2001,41.3762591779232
11,4,2002,50.17945170402527
11,4,2003,43.61126944422722
11,4,2004,68.77656280994415
11,4,2005,74.3747279047966
11,4,2006,59.254564344882965
11,4,2007,44.44367438554764
11,4,2008,60.62278896570206
11,4,2009,72.38530367612839
11,4,2010,65.73648005723953
11,4,2011,80.35577833652496
11,4,2012,51.94801837205887
11,4,2013,72.54405319690704
11,4,2014,51.537640392780304
11,4,2015,71.03745639324188
11,5,1981,49.862053245306015
11,5,1982,65.65316021442413
11,5,1983,48.69581386446953
11,5,1984,51.69275775551796
11,5,1985,53.40878292918205
11,5,1986,49.19562116265297
11,5,1987,55.861569941043854
11,5,1988,77.6447206735611
11,5,1989,58.01168456673622
11,5,1990,40.44470563530922
11,5,1991,38.336146622896194
11,5,1992,36.10878065228462
11,5,1993,52.78879031538963
11,5,1994,55.37214130163193
11,5,1995,63.19312006235123
11,5,1996,68.76184046268463
11,5,1997,90.65034985542297
11,5,1998,53.63963544368744
11,5,1999,67.56293773651123
11,5,2000,86.4638090133667
11,5,2001,78.0685544013977
11,5,2002,52.68118903040886
11,5,2003,51.82014778256416
11,5,2004,63.20807337760925
11,5,2005,52.309438586235046
11,5,2006,52.99469456076622
11,5,2007,66.98835641145706
11,5,2008,53.048837929964066
11,5,2009,66.23421609401703
11,5,2010,55.18186092376709
11,5,2011,53.735293447971344
11,5,2012,42.05990955233574
11,5,2013,51.93064734339714
11,5,2014,108.98099839687347
11,5,2015,62.19755485653877
12,2,1981,50.940223038196564
12,2,1982,50.213027745485306
12,2,1983,57.36216530203819
12,2,1984,46.35933414101601
12,2,1985,68.9721629023552
12,2,1986,70.4563856124878
12,2,1987,75.70811361074448
12,2,1988,88.31451088190079
12,2,1989,64.83153998851776
12,2,1990,51.07962712645531
12,2,1991,89.67145532369614
12,2,1992,45.903563499450684
12,2,1993,52.62679234147072
12,2,1994,39.78663310408592
12,2,1995,43.56393590569496
12,2,1996,96.16193175315857
12,2,1997,72.08975404500961
12,2,1998,45.497674494981766
12,2,1999,58.87608975172043
12,2,2000,75.84364712238312
12,2,2001,48.18692430853844
12,2,2002,60.63440442085266
12,2,2003,41.067853569984436
12,2,2004,32.55124390125275
12,2,2005,48.49874600768089
12,2,2006,49.58592727780342
12,2,2007,96.1359366774559
12,2,2008,51.87992751598358
12,2,2009,75.95101743936539
12,2,2010,66.3529634475708
12,2,2011,53.685512393713
12,2,2012,67.4445852637291
12,2,2013,66.0923570394516
12,2,2014,53.404323756694794
12,2,2015,95.35691142082214
12,3,1981,92.15815365314484
12,3,1982,62.47689202427864
12,3,1983,61.9058758020401
12,3,1984,58.508072048425674
12,3,1985,60.14268845319748
12,3,1986,82.17582106590271
12,3,1987,48.33927005529404
12,3,1988,49.3580587208271
12,3,1989,64.29531425237656
12,3,1990,63.90593945980072
12,3,1991,51.68100446462631
12,3,1992,99.65281933546066
12,3,1993,63.27129900455475
12,3,1994,59.11973491311073
12,3,1995,46.19962349534035
12,3,1996,35.763807594776154
12,3,1997,61.3740012049675
12,3,1998,50.071898847818375
12,3,1999,43.494921177625656
12,3,2000,71.72068953514099
12,3,2001,76.289102435112
12,3,2002,53.33126336336136
12,3,2003,55.371250957250595
12,3,2004,37.29381412267685
12,3,2005,93.7521755695343
12,3,2006,49.08355325460434
12,3,2007,58.50493535399437
12,3,2008,41.74966365098953
12,3,2009,48.35968092083931
12,3,2010,45.54887115955353
12,3,2011,54.611463099718094
12,3,2012,85.35207808017731
12,3,2013,64.73110616207123
12,3,2014,42.831823229789734
12,3,2015,50.609298050403595
12,4,1981,47.05986753106117
12,4,1982,39.50139507651329
12,4,1983,42.79265180230141
12,4,1984,82.42441713809967
12,4,1985,75.76192915439606
12,4,1986,47.72461950778961
12,4,1987,40.085598826408386
12,4,1988,93.9449742436409
12,4,1989,69.78046894073486
12,4,1990,93.2464748620987
12,4,1991,71.09013944864273
12,4,1992,59.23037230968475
12,4,1993,56.21565133333206
12,4,1994,45.12018710374832
12,4,1995,46.75856977701187
12,4,1996,54.923415184020996
12,4,1997,92.3154279589653
12,4,1998,60.35381555557251
12,4,1999,65.88588654994965
12,4,2000,64.81876224279404
12,4,2001,50.738222897052765
12,4,2002,42.84218326210976
12,4,2003,28.65901216864586
12,4,2004,78.30540835857391
12,4,2005,102.43085026741028
12,4,2006,48.14379662275314
12,4,2007,46.97528854012489
12,4,2008,73.08494299650192
12,4,2009,82.69481360912323
12,4,2010,70.60287147760391
12,4,2011,62.883347272872925
12,4,2012,47.34204337000847
12,4,2013,60.42172387242317
12,4,2014,56.20961636304855
12,4,2015,33.50614011287689
12,5,1981,42.1709381043911
12,5,1982,69.0925270318985
12,5,1983,44.005900621414185
12,5,1984,60.751110315322876
12,5,1985,46.59947752952576
12,5,1986,49.900420010089874
12,5,1987,48.8663874566555
12,5,1988,67.13041663169861
12,5,1989,69.85944509506226
12,5,1990,58.042172342538834
12,5,1991,66.09023362398148
12,5,1992,60.91729924082756
12,5,1993,46.74229025840759
12,5,1994,68.52104514837265
12,5,1995,54.66768145561218
12,5,1996,65.98949432373047
12,5,1997,47.88307845592499
12,5,1998,34.23167020082474
12,5,1999,42.75420680642128
12,5,2000,73.27813655138016
12,5,2001,62.210649251937866
12,5,2002,59.75689738988876
12,5,2003,46.56254127621651
12,5,2004,54.67543751001358
12,5,2005,64.37839567661285
12,5,2006,74.35735315084457
12,5,2007,57.94075503945351
12,5,2008,100.7852554321289
12,5,2009,72.95921444892883
12,5,2010,46.1110882461071
12,5,2011,49.85125735402107
12,5,2012,67.28801131248474
12,5,2013,50.188906490802765
12,5,2014,41.94827377796173
12,5,2015,54.6879917383194
13,2,1981,49.13584887981415
13,2,1982,63.225455582141876
13,2,1983,56.15456774830818
13,2,1984,73.94380122423172
13,2,1985,63.211120665073395
13,2,1986,45.27962580323219
13,2,1987,64.89774584770203
13,2,1988,81.87776803970337
13,2,1989,71.84524834156036
13,2,1990,41.482675820589066
13,2,1991,78.14279198646545
13,2,1992,48.89495670795441
13,2,1993,52.42287740111351
13,2,1994,93.82405132055283
13,2,1995,84.90082621574402
13,2,1996,64.88408893346786
13,2,1997,51.71017721295357
13,2,1998,67.56985187530518
13,2,1999,63.370004296302795
13,2,2000,67.10121780633926
13,2,2001,66.7487159371376
13,2,2002,72.7735385298729
13,2,2003,58.48289653658867
13,2,2004,46.12722247838974
13,2,2005,62.33350932598114
13,2,2006,45.069195330142975
13,2,2007,74.4774341583252
13,2,2008,78.75367999076843
13,2,2009,39.990492165088654
13,2,2010,66.89748167991638
13,2,2011,21.812351420521736
13,2,2012,52.189890295267105
13,2,2013,58.643266558647156
13,2,2014,60.01529470086098
13,2,2015,39.311811327934265
13,3,1981,49.85056072473526
13,3,1982,22.116301581263542
13,3,1983,46.73299938440323
13,3,1984,36.06397286057472
13,3,1985,52.07756906747818
13,3,1986,54.68155816197395
13,3,1987,51.00074037909508
13,3,1988,62.51149624586105
13,3,1989,49.30149018764496
13,3,1990,44.69182714819908
13,3,1991,70.09261101484299
13,3,1992,73.61521571874619
13,3,1993,57.020775973796844
13,3,1994,71.58908993005753
13,3,1995,61.00155785679817
13,3,1996,64.04634565114975
13,3,1997,71.42819464206696
13,3,1998,46.08558863401413
13,3,1999,51.84515565633774
13,3,2000,58.56356769800186
13,3,2001,46.21607065200806
13,3,2002,54.24688011407852
13,3,2003,61.35724112391472
13,3,2004,66.36182218790054
13,3,2005,72.52978533506393
13,3,2006,49.49669912457466
13,3,2007,48.41376468539238
13,3,2008,82.84974843263626
13,3,2009,56.1535619199276
13,3,2010,58.591578155756
13,3,2011,96.86486423015594
13,3,2012,33.05398300290108
13,3,2013,57.36008286476135
13,3,2014,52.77441442012787
13,3,2015,77.19671726226807
13,4,1981,96.4755266904831
13,4,1982,79.9197182059288
13,4,1983,86.18896454572678
13,4,1984,65.48190116882324
13,4,1985,38.70772197842598
13,4,1986,81.45111054182053
13,4,1987,71.07050716876984
13,4,1988,51.25544220209122
13,4,1989,70.41434943675995
13,4,1990,67.7168071269989
13,4,1991,70.37784159183502
13,4,1992,58.95134434103966
13,4,1993,53.645528852939606
13,4,1994,49.54085126519203
13,4,1995,71.39555364847183
13,4,1996,48.4803132712841
13,4,1997,78.12441885471344
13,4,1998,86.9525745511055
13,4,1999,83.22366327047348
13,4,2000,31.82252123951912
13,4,2001,61.32262200117111
13,4,2002,45.578788965940475
13,4,2003,61.8731863796711
13,4,2004,55.97774311900139
13,4,2005,47.301724553108215
13,4,2006,57.34334513545036
13,4,2007,94.57717090845108
13,4,2008,37.42051124572754
13,4,2009,65.00823050737381
13,4,2010,45.121707022190094
13,4,2011,62.779441475868225
13,4,2012,46.69293388724327
13,4,2013,52.090298384428024
13,4,2014,39.29726779460907
13,4,2015,49.737170338630676
13,5,1981,48.211392015218735
13,5,1982,50.350259989500046
13,5,1983,44.986311346292496
13,5,1984,68.47452372312546
13,5,1985,54.62099239230156
13,5,1986,51.54551938176155
13,5,1987,74.35522973537445
13,5,1988,57.057980448007584
13,5,1989,41.852619498968124
13,5,1990,78.80979031324387
13,5,1991,59.787604957818985
13,5,1992,66.73452258110046
13,5,1993,57.58696421980858
13,5,1994,59.8100945353508
13,5,1995,63.15905600786209
13,5,1996,46.21512442827225
13,5,1997,39.61804509162903
13,5,1998,47.285664826631546
13,5,1999,44.052720069885254
13,5,2000,48.14997315406799
13,5,2001,38.537874817848206
13,5,2002,39.64566066861153
13,5,2003,67.00602173805237
13,5,2004,51.27527564764023
13,5,2005,65.98374992609024
13,5,2006,59.51041355729103
13,5,2007,39.53060135245323
13,5,2008,60.69326400756836
13,5,2009,48.94835501909256
13,5,2010,75.2580538392067
13,5,2011,61.47543713450432
13,5,2012,52.11358889937401
13,5,2013,79.3195441365242
13,5,2014,59.668272733688354
13,5,2015,33.60065445303917
14,2,1981,42.10779443383217
14,2,1982,62.230829149484634
14,2,1983,72.42263853549957
14,2,1984,51.39535292983055
14,2,1985,92.19931066036224
14,2,1986,44.74209249019623
14,2,1987,64.28110599517822
14,2,1988,44.62055489420891
14,2,1989,46.95531353354454
14,2,1990,60.775984078645706
14,2,1991,68.0205374956131
14,2,1992,62.544263899326324
14,2,1993,60.88566035032272
14,2,1994,54.84611168503761
14,2,1995,53.31921577453613
14,2,1996,63.01290541887283
14,2,1997,61.08175218105316
14,2,1998,64.00789320468903
14,2,1999,99.27557408809662
14,2,2000,39.525751024484634
14,2,2001,87.31262385845184
14,2,2002,38.456764072179794
14,2,2003,96.19954973459244
14,2,2004,64.6849125623703
14,2,2005,51.04596167802811
14,2,2006,61.877839267253876
14,2,2007,59.15961042046547
14,2,2008,51.72888934612274
14,2,2009,67.2946348786354
14,2,2010,91.6585773229599
14,2,2011,39.11770135164261
14,2,2012,37.28330507874489
14,2,2013,40.17510637640953
14,2,2014,71.080781519413
14,2,2015,43.70792210102081
14,3,1981,57.92228877544403
14,3,1982,43.8743531703949
14,3,1983,67.82613694667816
14,3,1984,58.119118213653564
14,3,1985,55.4303377866745
14,3,1986,48.007164150476456
14,3,1987,61.006732285022736
14,3,1988,106.90949112176895
14,3,1989,51.55230313539505
14,3,1990,27.395442128181458
14,3,1991,52.781976759433746
14,3,1992,52.574869245290756
14,3,1993,63.32021951675415
14,3,1994,62.70534545183182
14,3,1995,64.41745907068253
14,3,1996,65.50097465515137
14,3,1997,44.98692229390144
14,3,1998,101.59789770841599
14,3,1999,72.35302031040192
14,3,2000,52.956074476242065
14,3,2001,79.95188236236572
14,3,2002,44.324275106191635
14,3,2003,45.131441205739975
14,3,2004,101.56501084566116
14,3,2005,53.63839119672775
14,3,2006,61.843305826187134
14,3,2007,73.2278898358345
14,3,2008,42.232755571603775
14,3,2009,46.08641192317009
14,3,2010,44.234972447156906
14,3,2011,48.15365374088287
14,3,2012,32.40462765097618
14,3,2013,51.600243896245956
14,3,2014,50.10063573718071
14,3,2015,36.825697869062424
14,4,1981,47.844793647527695
14,4,1982,54.14623022079468
14,4,1983,60.77570840716362
14,4,1984,62.0209239423275
14,4,1985,45.69059982895851
14,4,1986,40.5057817697525
14,4,1987,68.83548945188522
14,4,1988,47.13118076324463
14,4,1989,61.210062354803085
14,4,1990,58.82749706506729
14,4,1991,43.63461583852768
14,4,1992,49.1596944630146
14,4,1993,73.01773875951767
14,4,1994,72.51018285751343
14,4,1995,74.4033083319664
14,4,1996,59.508293867111206
14,4,1997,33.92979875206947
14,4,1998,56.30958080291748
14,4,1999,51.13888531923294
14,4,2000,82.4265107512474
14,4,2001,41.60027205944061
14,4,2002,54.94183674454689
14,4,2003,58.51209908723831
14,4,2004,51.11828073859215
14,4,2005,95.1903983950615
14,4,2006,57.5716532766819
14,4,2007,93.0444672703743
14,4,2008,63.108839094638824
14,4,2009,44.796962291002274
14,4,2010,40.217217057943344
14,4,2011,87.69072592258453
14,4,2012,51.430512219667435
14,4,2013,52.91496589779854
14,4,2014,59.29237604141235
14,4,2015,48.087961971759796
14,5,1981,70.19694894552231
14,5,1982,40.380652993917465
14,5,1983,51.69252306222916
14,5,1984,69.55674290657043
14,5,1985,47.94083535671234
14,5,1986,46.320199966430664
14,5,1987,53.450413048267365
14,5,1988,49.10001903772354
14,5,1989,49.16329309344292
14,5,1990,38.22075203061104
14,5,1991,39.1584113240242
14,5,1992,46.5654656291008
14,5,1993,89.36390280723572
14,5,1994,54.60293963551521
14,5,1995,58.61010402441025
14,5,1996,76.20953768491745
14,5,1997,51.046114414930344
14,5,1998,59.69104543328285
14,5,1999,71.4963898062706
14,5,2000,45.77574133872986
14,5,2001,43.37068647146225
14,5,2002,54.428230971097946
14,5,2003,69.88552957773209
14,5,2004,32.56472945213318
14,5,2005,71.98264449834824
14,5,2006,59.47618559002876
14,5,2007,53.8468100130558
14,5,2008,46.176329255104065
14,5,2009,85.95186471939087
14,5,2010,50.764210522174835
14,5,2011,46.67064547538757
14,5,2012,101.90436989068985
14,5,2013,69.09198313951492
14,5,2014,64.01461362838745
14,5,2015,51.36243999004364
15,2,1981,60.71171537041664
15,2,1982,30.107880011200905
15,2,1983,57.475920766592026
15,2,1984,59.7241036593914
15,2,1985,29.445402324199677
15,2,1986,42.84823313355446
15,2,1987,76.5465497970581
15,2,1988,62.44819983839989
15,2,1989,55.47931790351868
15,2,1990,33.097706735134125
15,2,1991,54.232146590948105
15,2,1992,59.51107665896416
15,2,1993,36.03487089276314
15,2,1994,48.325490206480026
15,2,1995,43.76102611422539
15,2,1996,84.19463783502579
15,2,1997,66.52157008647919
15,2,1998,81.26275986433029
15,2,1999,63.65042179822922
15,2,2000,30.611654743552208
15,2,2001,79.6276107430458
15,2,2002,59.03016775846481
15,2,2003,55.87701499462128
15,2,2004,54.63874340057373
15,2,2005,71.62897288799286
15,2,2006,65.52815437316895
15,2,2007,38.12972083687782
15,2,2008,44.10606622695923
15,2,2009,41.494399309158325
15,2,2010,47.74808511137962
15,2,2011,45.36062851548195
15,2,2012,89.85599875450134
15,2,2013,50.24639889597893
15,2,2014,32.932549715042114
15,2,2015,56.7169226706028
15,3,1981,42.4160435795784
15,3,1982,46.494755893945694
15,3,1983,55.51715940237045
15,3,1984,57.37608298659325
15,3,1985,53.99889126420021
15,3,1986,54.49715256690979
15,3,1987,72.3499059677124
15,3,1988,56.4751923084259
15,3,1989,56.37258663773537
15,3,1990,65.62145054340363
15,3,1991,56.65724724531174
15,3,1992,44.01015490293503
15,3,1993,50.96619948744774
15,3,1994,58.356333523988724
15,3,1995,71.92037254571915
15,3,1996,87.58877962827682
15,3,1997,79.90437746047974
15,3,1998,55.55501580238342
15,3,1999,69.99124586582184
15,3,2000,102.48730331659317
15,3,2001,66.12911075353622
15,3,2002,51.16024240851402
15,3,2003,44.44797337055206
15,3,2004,58.367788791656494
15,3,2005,107.60662704706192
15,3,2006,65.39991497993469
15,3,2007,56.474436074495316
15,3,2008,71.65533304214478
15,3,2009,79.24751937389374
15,3,2010,58.682579547166824
15,3,2011,59.50675532221794
15,3,2012,53.179189562797546
15,3,2013,68.58290731906891
15,3,2014,55.126287043094635
15,3,2015,72.09259271621704
15,4,1981,56.565288454294205
15,4,1982,47.05633595585823
15,4,1983,43.64122077822685
15,4,1984,65.20716845989227
15,4,1985,35.81330180168152
15,4,1986,49.434468150138855
15,4,1987,73.96140694618225
15,4,1988,64.34021145105362
15,4,1989,67.92376935482025
15,4,1990,65.3635784983635
15,4,1991,39.1869843006134
15,4,1992,49.411848187446594
15,4,1993,46.9835065305233
15,4,1994,52.09637060761452
15,4,1995,59.36111509799957
15,4,1996,68.97138804197311
15,4,1997,44.18202117085457
15,4,1998,81.35832846164703
15,4,1999,38.35950791835785
15,4,2000,56.43922463059425
15,4,2001,46.06526345014572
15,4,2002,90.35337716341019
15,4,2003,63.11102956533432
15,4,2004,34.838415682315826
15,4,2005,61.15538626909256
15,4,2006,115.03929644823074
15,4,2007,61.974480748176575
15,4,2008,43.69140788912773
15,4,2009,60.83395332098007
15,4,2010,68.17544996738434
15,4,2011,54.13823574781418
15,4,2012,119.4918304681778
15,4,2013,34.637343138456345
15,4,2014,70.67130506038666
15,4,2015,46.076513826847076
15,5,1981,71.587473154068
15,5,1982,33.83642062544823
15,5,1983,52.355214953422546
15,5,1984,68.61472874879837
15,5,1985,45.23952305316925
15,5,1986,69.33194398880005
15,5,1987,49.927886575460434
15,5,1988,83.50341767072678
15,5,1989,54.74502220749855
15,5,1990,54.22408878803253
15,5,1991,56.08530715107918
15,5,1992,40.351901203393936
15,5,1993,18.582645803689957
15,5,1994,77.94177532196045
15,5,1995,64.44015353918076
15,5,1996,41.71763360500336
15,5,1997,82.80790597200394
15,5,1998,63.22093307971954
15,5,1999,59.64738875627518
15,5,2000,40.750857442617416
15,5,2001,52.06304416060448
15,5,2002,65.28589874505997
15,5,2003,36.283448338508606
15,5,2004,70.21346688270569
15,5,2005,56.53964355587959
15,5,2006,60.8024075627327
15,5,2007,70.48871368169785
15,5,2008,50.33743008971214
15,5,2009,74.76498186588287
15,5,2010,61.408236622810364
15,5,2011,57.87939578294754
15,5,2012,44.72409188747406
15,5,2013,73.01343977451324
15,5,2014,77.38559693098068
15,5,2015,57.61982500553131
16,2,1981,91.07298403978348
16,2,1982,96.89252078533173
16,2,1983,57.8533411026001
16,2,1984,60.47224625945091
16,2,1985,70.0606182217598
16,2,1986,36.479659378528595
16,2,1987,78.60206067562103
16,2,1988,35.05277633666992
16,2,1989,83.66668224334717
16,2,1990,56.21996894478798
16,2,1991,76.56262814998627
16,2,1992,33.279649913311005
16,2,1993,49.366578459739685
16,2,1994,81.62063360214233
16,2,1995,71.55390828847885
16,2,1996,51.00996419787407
16,2,1997,64.7994875907898
16,2,1998,34.91793945431709
16,2,1999,66.7966678738594
16,2,2000,44.97578367590904
16,2,2001,40.39737209677696
16,2,2002,44.94499787688255
16,2,2003,81.77679777145386
16,2,2004,59.77423116564751
16,2,2005,51.93770304322243
16,2,2006,47.61612415313721
16,2,2007,50.34252628684044
16,2,2008,54.68103289604187
16,2,2009,40.79447686672211
16,2,2010,92.37077087163925
16,2,2011,36.15865856409073
16,2,2012,54.48012053966522
16,2,2013,57.45889991521835
16,2,2014,63.23998421430588
16,2,2015,27.796639129519463
16,3,1981,47.39735648036003
16,3,1982,88.8184905052185
16,3,1983,64.95509296655655
16,3,1984,99.10275042057037
16,3,1985,56.56209588050842
16,3,1986,59.12773683667183
16,3,1987,31.574439257383347
16,3,1988,54.362647235393524
16,3,1989,47.83494770526886
16,3,1990,36.42873838543892
16,3,1991,80.74496686458588
16,3,1992,52.8070367872715
16,3,1993,39.2112173140049
16,3,1994,41.959796100854874
16,3,1995,45.35587131977081
16,3,1996,64.2840638756752
16,3,1997,47.072768211364746
16,3,1998,49.66878518462181
16,3,1999,38.00259158015251
16,3,2000,53.48784476518631
16,3,2001,70.68125158548355
16,3,2002,50.73853209614754
16,3,2003,99.73534941673279
16,3,2004,44.58038508892059
16,3,2005,63.796818256378174
16,3,2006,93.4445783495903
16,3,2007,68.21563094854355
16,3,2008,71.41189277172089
16,3,2009,49.9676875770092
16,3,2010,72.03668355941772
16,3,2011,49.307215958833694
16,3,2012,70.27099281549454
16,3,2013,62.531985342502594
16,3,2014,44.975508004426956
16,3,2015,58.20613354444504
16,4,1981,70.55318355560303
16,4,1982,100.89216381311417
16,4,1983,38.66349160671234
16,4,1984,80.75495809316635
16,4,1985,42.546555399894714
16,4,1986,75.21355897188187
16,4,1987,90.48078954219818
16,4,1988,82.70664513111115
16,4,1989,45.16380652785301
16,4,1990,103.57470065355301
16,4,1991,83.8150903582573
16,4,1992,77.18212902545929
16,4,1993,76.87468826770782
16,4,1994,61.961643397808075
16,4,1995,46.06478288769722
16,4,1996,60.18006056547165
16,4,1997,55.10013550519943
16,4,1998,50.61653628945351
16,4,1999,72.56491482257843
16,4,2000,52.603088319301605
16,4,2001,81.53849840164185
16,4,2002,49.54558610916138
16,4,2003,36.70591861009598
16,4,2004,56.67716637253761
16,4,2005,43.836869299411774
16,4,2006,76.26321911811829
16,4,2007,60.722388327121735
16,4,2008,58.75900015234947
16,4,2009,60.857612639665604
16,4,2010,53.95791679620743
16,4,2011,63.45250457525253
16,4,2012,50.87028443813324
16,4,2013,47.847021371126175
16,4,2014,47.66178876161575
16,4,2015,72.51907885074615
16,5,1981,71.22527807950974
16,5,1982,44.60049793124199
16,5,1983,84.89768207073212
16,5,1984,35.20148992538452
16,5,1985,48.77571016550064
16,5,1986,63.00429254770279
16,5,1987,40.612392127513885
16,5,1988,88.74779939651489
16,5,1989,41.076816618442535
16,5,1990,55.6475892663002
16,5,1991,62.780022621154785
16,5,1992,43.38718578219414
16,5,1993,72.97825813293457
16,5,1994,40.957845747470856
16,5,1995,59.240520000457764
16,5,1996,55.274419486522675
16,5,1997,36.90462186932564
16,5,1998,90.7030999660492
16,5,1999,82.93260633945465
16,5,2000,58.716632425785065
16,5,2001,76.82356238365173
16,5,2002,35.130977630615234
16,5,2003,33.552177250385284
16,5,2004,79.24070209264755
16,5,2005,72.94850051403046
16,5,2006,33.466704189777374
16,5,2007,57.96888843178749
16,5,2008,55.40994182229042
16,5,2009,55.15522509813309
16,5,2010,84.14371311664581
16,5,2011,45.65814509987831
16,5,2012,73.39069247245789
16,5,2013,74.54793900251389
16,5,2014,45.489028096199036
16,5,2015,67.54561513662338
17,2,1981,49.78583753108978
17,2,1982,58.24783071875572
17,2,1983,49.39066991209984
17,2,1984,46.44385725259781
17,2,1985,45.72188854217529
17,2,1986,45.949436724185944
17,2,1987,63.71254473924637
17,2,1988,62.35041841864586
17,2,1989,49.07583445310593
17,2,1990,49.36973750591278
17,2,1991,102.95392572879791
17,2,1992,53.61953750252724
17,2,1993,84.1122642159462
17,2,1994,49.230869859457016
17,2,1995,64.08780068159103
17,2,1996,54.080188274383545
17,2,1997,73.59200716018677
17,2,1998,44.14147511124611
17,2,1999,77.74490118026733
17,2,2000,40.865134447813034
17,2,2001,44.2836694419384
17,2,2002,76.79922133684158
17,2,2003,73.3843669295311
17,2,2004,46.97928950190544
17,2,2005,43.31217706203461
17,2,2006,60.51614508032799
17,2,2007,52.3148737847805
17,2,2008,57.32098966836929
17,2,2009,41.22399538755417
17,2,2010,54.20055240392685
17,2,2011,30.51936812698841
17,2,2012,63.545554876327515
17,2,2013,64.34355676174164
17,2,2014,82.33530819416046
17,2,2015,59.57149341702461
17,3,1981,40.35859555006027
17,3,1982,73.04608076810837
17,3,1983,44.64707151055336
17,3,1984,54.443299770355225
17,3,1985,21.10222727060318
17,3,1986,77.38988846540451
17,3,1987,48.96755889058113
17,3,1988,58.81147459149361
17,3,1989,61.387207359075546
17,3,1990,88.19165825843811
17,3,1991,62.928855419158936
17,3,1992,67.36741214990616
17,3,1993,41.0953164100647
17,3,1994,41.672561317682266
17,3,1995,61.83547154068947
17,3,1996,57.35274776816368
17,3,1997,63.07356804609299
17,3,1998,61.83341145515442
17,3,1999,88.10122311115265
17,3,2000,53.89131233096123
17,3,2001,61.969876289367676
17,3,2002,46.86775058507919
17,3,2003,63.381507992744446
17,3,2004,55.59669807553291
17,3,2005,45.23489251732826
17,3,2006,46.974048018455505
17,3,2007,74.9475359916687
17,3,2008,52.271369844675064
17,3,2009,63.85697424411774
17,3,2010,54.25859987735748
17,3,2011,43.617650866508484
17,3,2012,34.24040973186493
17,3,2013,69.83186304569244
17,3,2014,55.31255155801773
17,3,2015,59.48679894208908
17,4,1981,86.5812674164772
17,4,1982,60.58783084154129
17,4,1983,75.2662941813469
17,4,1984,52.1879680454731
17,4,1985,87.59946376085281
17,4,1986,88.77141028642654
17,4,1987,60.05287542939186
17,4,1988,60.2034367620945
17,4,1989,48.8397590816021
17,4,1990,50.46571418642998
17,4,1991,44.33054476976395
17,4,1992,47.78660088777542
17,4,1993,77.09502428770065
17,4,1994,54.3624721467495
17,4,1995,51.42739787697792
17,4,1996,46.9147227704525
17,4,1997,63.72319906949997
17,4,1998,59.3428909778595
17,4,1999,39.30487856268883
17,4,2000,104.6520546078682
17,4,2001,46.56171798706055
17,4,2002,69.28209960460663
17,4,2003,47.67032712697983
17,4,2004,47.183312475681305
17,4,2005,45.15311121940613
17,4,2006,71.50306552648544
17,4,2007,67.45784729719162
17,4,2008,73.13185930252075
17,4,2009,64.76792693138123
17,4,2010,52.31991782784462
17,4,2011,69.12921369075775
17,4,2012,28.169430792331696
17,4,2013,57.93880298733711
17,4,2014,57.41370469331741
17,4,2015,60.90407818555832
17,5,1981,68.86337697505951
17,5,1982,28.07595767080784
17,5,1983,82.45840668678284
17,5,1984,47.67490550875664
17,5,1985,56.818027049303055
17,5,1986,70.82368433475494
17,5,1987,42.72013530135155
17,5,1988,69.65719163417816
17,5,1989,74.06581193208694
17,5,1990,48.44075068831444
17,5,1991,36.006610840559006
17,5,1992,52.125416696071625
17,5,1993,46.10875993967056
17,5,1994,67.4775019288063
17,5,1995,45.82766816020012
17,5,1996,38.07408735156059
17,5,1997,97.26224094629288
17,5,1998,66.20209664106369
17,5,1999,57.518307119607925
17,5,2000,53.72291058301926
17,5,2001,80.5729553103447
17,5,2002,54.13418635725975
17,5,2003,39.67597708106041
17,5,2004,56.9978803396225
17,5,2005,47.617796808481216
17,5,2006,78.8288563489914
17,5,2007,26.29086934030056
17,5,2008,60.81414222717285
17,5,2009,73.7338736653328
17,5,2010,81.15310221910477
17,5,2011,50.65900459885597
17,5,2012,55.62581494450569
17,5,2013,55.943455547094345
17,5,2014,75.53210109472275
17,5,2015,57.556282728910446
18,2,1981,67.650705575943
18,2,1982,38.853030651807785
18,2,1983,81.87650144100189
18,2,1984,55.74960634112358
18,2,1985,47.723039984703064
18,2,1986,74.28570091724396
18,2,1987,50.78526213765144
18,2,1988,36.401666700839996
18,2,1989,35.66279262304306
18,2,1990,86.36095374822617
18,2,1991,89.69422429800034
18,2,1992,49.85518753528595
18,2,1993,59.586841613054276
18,2,1994,47.8612519800663
18,2,1995,58.555103838443756
18,2,1996,64.86935168504715
18,2,1997,44.839899986982346
18,2,1998,84.88812297582626
18,2,1999,39.4064262509346
18,2,2000,94.38616782426834
18,2,2001,38.51154446601868
18,2,2002,56.80184066295624
18,2,2003,36.62697225809097
18,2,2004,56.197188794612885
18,2,2005,31.7276231944561
18,2,2006,56.665949523448944
18,2,2007,97.92903810739517
18,2,2008,75.8596584200859
18,2,2009,58.59481915831566
18,2,2010,47.2126305103302
18,2,2011,44.265057891607285
18,2,2012,91.50815010070801
18,2,2013,74.9366283416748
18,2,2014,46.604663133621216
18,2,2015,40.4614694416523
18,3,1981,49.58947375416756
18,3,1982,69.87424939870834
18,3,1983,47.53363877534866
18,3,1984,43.78587380051613
18,3,1985,63.064150512218475
18,3,1986,51.51430144906044
18,3,1987,45.46995460987091
18,3,1988,71.73868268728256
18,3,1989,48.605941236019135
18,3,1990,57.47765675187111
18,3,1991,69.51116770505905
18,3,1992,67.52526760101318
18,3,1993,38.906339555978775
18,3,1994,87.30996400117874
18,3,1995,52.56723240017891
18,3,1996,59.542298316955566
18,3,1997,45.86205258965492
18,3,1998,114.25339430570602
18,3,1999,55.32060191035271
18,3,2000,68.69374215602875
18,3,2001,63.52662295103073
18,3,2002,48.772577196359634
18,3,2003,27.763623744249344
18,3,2004,74.5009183883667
18,3,2005,56.971680372953415
18,3,2006,52.74227634072304
18,3,2007,65.30260294675827
18,3,2008,102.03292220830917
18,3,2009,48.0010062456131
18,3,2010,48.280712217092514
18,3,2011,43.94830763339996
18,3,2012,63.13867121934891
18,3,2013,67.90852546691895
18,3,2014,88.08712661266327
18,3,2015,63.01375478506088
18,4,1981,55.05465343594551
18,4,1982,78.37925106287003
18,4,1983,60.24916097521782
18,4,1984,48.478297889232635
18,4,1985,45.914385467767715
18,4,1986,42.7105687558651
18,4,1987,54.8303984105587
18,4,1988,52.08313465118408
18,4,1989,95.65158933401108
18,4,1990,52.997954189777374
18,4,1991,78.70828360319138
18,4,1992,65.36546349525452
18,4,1993,55.46285957098007
18,4,1994,67.91182607412338
18,4,1995,43.418142944574356
18,4,1996,59.65377017855644
18,4,1997,58.597855269908905
18,4,1998,69.69007849693298
18,4,1999,43.51348057389259
18,4,2000,58.367472141981125
18,4,2001,62.07996606826782
18,4,2002,47.409284859895706
18,4,2003,42.18882694840431
18,4,2004,51.19946599006653
18,4,2005,66.70912355184555
18,4,2006,79.05720919370651
18,4,2007,41.63849353790283
18,4,2008,41.5751077234745
18,4,2009,111.61302030086517
18,4,2010,67.42596626281738
18,4,2011,51.51280760765076
18,4,2012,38.36524486541748
18,4,2013,78.23681831359863
18,4,2014,42.763710021972656
18,4,2015,49.120690673589706
18,5,1981,62.46260181069374
18,5,1982,76.37927681207657
18,5,1983,65.19854068756104
18,5,1984,52.37489193677902
18,5,1985,31.22529201209545
18,5,1986,53.08153107762337
18,5,1987,55.187806487083435
18,5,1988,62.79397010803223
18,5,1989,57.436827570199966
18,5,1990,38.06605562567711
18,5,1991,78.76592129468918
18,5,1992,47.38816246390343
18,5,1993,66.1231279373169
18,5,1994,54.63407561182976
18,5,1995,56.29932880401611
18,5,1996,43.192606419324875
18,5,1997,50.84552615880966
18,5,1998,62.742747366428375
18,5,1999,61.61440163850784
18,5,2000,122.73956835269928
18,5,2001,62.76114284992218
18,5,2002,49.30204898118973
18,5,2003,66.12706929445267
18,5,2004,58.99253860116005
18,5,2005,47.28327691555023
18,5,2006,32.853297889232635
18,5,2007,68.22230666875839
18,5,2008,52.82692611217499
18,5,2009,59.09720063209534
18,5,2010,49.31693151593208
18,5,2011,52.10491269826889
18,5,2012,55.4736852645874
18,5,2013,44.65518891811371
18,5,2014,44.21500861644745
18,5,2015,45.83970829844475
19,2,1981,53.63478511571884
19,2,1982,54.83594909310341
19,2,1983,62.65003979206085
19,2,1984,67.79215484857559
19,2,1985,77.95848697423935
19,2,1986,48.36117848753929
19,2,1987,31.354688107967377
19,2,1988,47.6599857211113
19,2,1989,63.58526647090912
19,2,1990,62.746621668338776
19,2,1991,81.94828033447266
19,2,1992,45.486077666282654
19,2,1993,58.64907428622246
19,2,1994,27.623305097222328
19,2,1995,49.02596026659012
19,2,1996,54.57856133580208
19,2,1997,84.34047549962997
19,2,1998,91.48573875427246
19,2,1999,52.89753898978233
19,2,2000,48.54259639978409
19,2,2001,62.7371147274971
19,2,2002,49.864090979099274
19,2,2003,42.755112051963806
19,2,2004,92.42917597293854
19,2,2005,26.054473593831062
19,2,2006,57.622235268354416
19,2,2007,72.36306369304657
19,2,2008,43.73977705836296
19,2,2009,38.46920281648636
19,2,2010,49.06220734119415
19,2,2011,63.841745257377625
19,2,2012,49.505770206451416
19,2,2013,81.40145987272263
19,2,2014,52.272386848926544
19,2,2015,51.39637365937233
19,3,1981,60.5766735970974
19,3,1982,39.942651987075806
19,3,1983,61.43900007009506
19,3,1984,61.47349625825882
19,3,1985,56.26102536916733
19,3,1986,32.460615038871765
19,3,1987,90.87986499071121
19,3,1988,71.23910635709763
19,3,1989,45.97719386219978
19,3,1990,63.94210457801819
19,3,1991,54.966382682323456
19,3,1992,53.37721109390259
19,3,1993,72.88045436143875
19,3,1994,57.2645328938961
19,3,1995,61.36416643857956
19,3,1996,98.11047464609146
19,3,1997,60.613881796598434
19,3,1998,54.528918117284775
19,3,1999,42.091917246580124
19,3,2000,84.72545444965363
19,3,2001,36.90269961953163
19,3,2002,27.393080294132233
19,3,2003,43.602801859378815
19,3,2004,50.6097711622715
19,3,2005,71.43209129571915
19,3,2006,52.340198308229446
19,3,2007,54.84635382890701
19,3,2008,69.0830796957016
19,3,2009,60.795485973358154
19,3,2010,49.13948476314545
19,3,2011,59.96882915496826
19,3,2012,79.71854507923126
19,3,2013,37.325408309698105
19,3,2014,52.13061720132828
19,3,2015,95.76848894357681
19,4,1981,51.96197330951691
19,4,1982,59.621695429086685
19,4,1983,52.56607010960579
19,4,1984,42.763207107782364
19,4,1985,45.28209567070007
19,4,1986,49.73957687616348
19,4,1987,42.657844722270966
19,4,1988,33.00345316529274
19,4,1989,79.21919971704483
19,4,1990,38.38208690285683
19,4,1991,59.772055596113205
19,4,1992,76.09710097312927
19,4,1993,92.96273440122604
19,4,1994,55.160705000162125
19,4,1995,67.82536208629608
19,4,1996,51.31762847304344
19,4,1997,50.0369593501091
19,4,1998,69.58816200494766
19,4,1999,52.621081471443176
19,4,2000,60.52842363715172
19,4,2001,72.76890426874161
19,4,2002,60.419961810112
19,4,2003,81.85465633869171
19,4,2004,56.48839846253395
19,4,2005,61.56429275870323
19,4,2006,52.220702171325684
19,4,2007,71.8260407447815
19,4,2008,43.01650822162628
19,4,2009,65.18962979316711
19,4,2010,80.70304244756699
19,4,2011,27.654189616441727
19,4,2012,32.203372567892075
19,4,2013,51.97320505976677
19,4,2014,62.30524554848671
19,4,2015,37.76879236102104
19,5,1981,53.45660448074341
19,5,1982,63.54236602783203
19,5,1983,39.58745300769806
19,5,1984,47.66234755516052
19,5,1985,64.84773755073547
19,5,1986,48.86053875088692
19,5,1987,35.24909168481827
19,5,1988,59.642285108566284
19,5,1989,69.59249824285507
19,5,1990,97.77145832777023
19,5,1991,56.98813125491142
19,5,1992,29.390154406428337
19,5,1993,79.92108166217804
19,5,1994,55.87185546755791
19,5,1995,64.61219489574432
19,5,1996,34.04255583882332
19,5,1997,32.63622894883156
19,5,1998,51.3882152736187
19,5,1999,57.1865439414978
19,5,2000,54.74395677447319
19,5,2001,58.514904230833054
19,5,2002,55.7304322719574
19,5,2003,63.633255660533905
19,5,2004,49.27056282758713
19,5,2005,60.150146484375
19,5,2006,49.948714673519135
19,5,2007,73.1438547372818
19,5,2008,84.89502221345901
19,5,2009,48.6258901655674
19,5,2010,54.16814610362053
19,5,2011,53.90259623527527
19,5,2012,50.205450505018234
19,5,2013,63.551947474479675
19,5,2014,55.658672004938126
19,5,2015,61.00303307175636
20,2,1981,81.22706413269043
20,2,1982,34.952618181705475
20,2,1983,61.26866862177849
20,2,1984,69.91245597600937
20,2,1985,53.84751036763191
20,2,1986,50.06137862801552
20,2,1987,55.29608950018883
20,2,1988,58.517616242170334
20,2,1989,38.368649780750275
20,2,1990,57.76562914252281
20,2,1991,70.50519436597824
20,2,1992,71.57859206199646
20,2,1993,65.31412154436111
20,2,1994,48.378847539424896
20,2,1995,39.07811641693115
20,2,1996,48.55058342218399
20,2,1997,65.91552495956421
20,2,1998,74.89905506372452
20,2,1999,50.48535764217377
20,2,2000,61.37682497501373
20,2,2001,69.12417709827423
20,2,2002,48.62627759575844
20,2,2003,64.87467885017395
20,2,2004,36.78548336029053
20,2,2005,55.77265843749046
20,2,2006,24.33961257338524
20,2,2007,65.79964607954025
20,2,2008,43.32622140645981
20,2,2009,57.694584131240845
20,2,2010,38.84723037481308
20,2,2011,85.4044258594513
20,2,2012,55.00859022140503
20,2,2013,62.56301701068878
20,2,2014,39.42739591002464
20,2,2015,74.66689497232437
20,3,1981,40.98193719983101
20,3,1982,39.40898925065994
20,3,1983,59.22563374042511
20,3,1984,38.46750035881996
20,3,1985,69.26316767930984
20,3,1986,53.3083900809288
20,3,1987,63.17269802093506
20,3,1988,56.481413543224335
20,3,1989,47.81070724129677
20,3,1990,60.07612496614456
20,3,1991,70.79000025987625
20,3,1992,50.43615773320198
20,3,1993,75.9548768401146
20,3,1994,56.900352239608765
20,3,1995,43.49573701620102
20,3,1996,44.81901228427887
20,3,1997,60.78151613473892
20,3,1998,38.66405412554741
20,3,1999,49.36043545603752
20,3,2000,58.71441960334778
20,3,2001,55.189017206430435
20,3,2002,74.1652175784111
20,3,2003,81.18090778589249
20,3,2004,54.58787456154823
20,3,2005,41.22801497578621
20,3,2006,58.42006951570511
20,3,2007,53.88364568352699
20,3,2008,53.88334020972252
20,3,2009,66.53730571269989
20,3,2010,58.94222855567932
20,3,2011,54.42652478814125
20,3,2012,62.51586973667145
20,3,2013,41.79591313004494
20,3,2014,56.71050399541855
20,3,2015,57.30978772044182
20,4,1981,46.94496467709541
20,4,1982,51.83088406920433
20,4,1983,56.824613362550735
20,4,1984,35.029102116823196
20,4,1985,44.811420142650604
20,4,1986,56.48285895586014
20,4,1987,42.79403015971184
20,4,1988,61.072759330272675
20,4,1989,46.81657254695892
20,4,1990,53.2401017844677
20,4,1991,49.865346401929855
20,4,1992,71.20047509670258
20,4,1993,52.101362496614456
20,4,1994,51.79979279637337
20,4,1995,83.12404900789261
20,4,1996,36.02113947272301
20,4,1997,92.63645857572556
20,4,1998,44.8090136051178
20,4,1999,56.85075744986534
20,4,2000,54.110296070575714
20,4,2001,43.32293942570686
20,4,2002,57.19362571835518
20,4,2003,55.79077824950218
20,4,2004,37.83764690160751
20,4,2005,58.295752853155136
20,4,2006,34.32921692728996
20,4,2007,68.2126134634018
20,4,2008,61.84203922748566
20,4,2009,62.36569210886955
20,4,2010,78.75371724367142
20,4,2011,50.108712166547775
20,4,2012,49.82145130634308
20,4,2013,43.76724734902382
20,4,2014,57.920314371585846
20,4,2015,88.20667117834091
20,5,1981,62.58975714445114
20,5,1982,67.9476335644722
20,5,1983,59.269919991493225
20,5,1984,72.07338511943817
20,5,1985,35.48935055732727
20,5,1986,75.2951130270958
20,5,1987,37.17878833413124
20,5,1988,43.755218386650085
20,5,1989,87.93183416128159
20,5,1990,67.07677245140076
20,5,1991,48.33400994539261
20,5,1992,54.4707216322422
20,5,1993,52.36716940999031
20,5,1994,57.774290442466736
20,5,1995,43.625716120004654
20,5,1996,50.07849633693695
20,5,1997,68.09403002262115
20,5,1998,53.63413691520691
20,5,1999,95.08717060089111
20,5,2000,46.92593216896057
20,5,2001,70.5551877617836
20,5,2002,45.13201490044594
20,5,2003,64.75216895341873
20,5,2004,75.43129473924637
20,5,2005,78.55439931154251
20,5,2006,52.8557188808918
20,5,2007,47.838129103183746
20,5,2008,41.661638766527176
20,5,2009,40.80525413155556
20,5,2010,65.5830129981041
20,5,2011,93.21535378694534
20,5,2012,66.15342199802399
20,5,2013,76.10670477151871
20,5,2014,42.331330478191376
20,5,2015,53.136471658945084
21,2,1981,66.3967877626419
21,2,1982,54.88178879022598
21,2,1983,44.49361562728882
21,2,1984,38.43075782060623
21,2,1985,99.21236336231232
21,2,1986,43.46123710274696
21,2,1987,82.43580907583237
21,2,1988,91.99249744415283
21,2,1989,49.3977852165699
21,2,1990,66.8507069349289
21,2,1991,55.93468248844147
21,2,1992,35.28331592679024
21,2,1993,69.36405599117279
21,2,1994,60.52812188863754
21,2,1995,47.55910858511925
21,2,1996,74.48914647102356
21,2,1997,53.51598560810089
21,2,1998,52.99847573041916
21,2,1999,45.037515461444855
21,2,2000,37.599653005599976
21,2,2001,43.18867623806
21,2,2002,90.726837515831
21,2,2003,68.55492293834686
21,2,2004,26.69200859963894
21,2,2005,75.9054496884346
21,2,2006,35.62896326184273
21,2,2007,63.69057297706604
21,2,2008,74.16031509637833
21,2,2009,39.535846561193466
21,2,2010,41.31972789764404
21,2,2011,62.545642256736755
21,2,2012,59.706415981054306
21,2,2013,68.9021423459053
21,2,2014,59.3525804579258
21,2,2015,46.24105989933014
21,3,1981,73.03747534751892
21,3,1982,46.14634811878204
21,3,1983,91.5515199303627
21,3,1984,62.860243022441864
21,3,1985,45.17413675785065
21,3,1986,58.80637839436531
21,3,1987,52.87802219390869
21,3,1988,59.77087840437889
21,3,1989,66.86040014028549
21,3,1990,42.83764213323593
21,3,1991,78.47066968679428
21,3,1992,56.72071874141693
21,3,1993,37.98796609044075
21,3,1994,50.415463745594025
21,3,1995,94.23667192459106
21,3,1996,43.2671457529068
21,3,1997,47.135595232248306
21,3,1998,72.8924348950386
21,3,1999,69.26994025707245
21,3,2000,57.13827162981033
21,3,2001,56.95430561900139
21,3,2002,49.262337386608124
21,3,2003,46.055227518081665
21,3,2004,77.11204886436462
21,3,2005,71.69069349765778
21,3,2006,32.519128173589706
21,3,2007,79.08813655376434
21,3,2008,68.20614635944366
21,3,2009,66.94250553846359
21,3,2010,45.81983759999275
21,3,2011,45.497409999370575
21,3,2012,48.867642879486084
21,3,2013,74.7414380311966
21,3,2014,33.51539745926857
21,3,2015,60.75926497578621
21,4,1981,61.19011715054512
21,4,1982,42.23314672708511
21,4,1983,83.19326490163803
21,4,1984,54.67572435736656
21,4,1985,63.0369633436203
21,4,1986,49.942873418331146
21,4,1987,76.44905149936676
21,4,1988,57.69302695989609
21,4,1989,64.11459296941757
21,4,1990,51.696617156267166
21,4,1991,57.40071460604668
21,4,1992,27.638224884867668
21,4,1993,69.1613256931305
21,4,1994,48.94333705306053
21,4,1995,55.21383881568909
21,4,1996,46.381063759326935
21,4,1997,49.86221715807915
21,4,1998,63.29371780157089
21,4,1999,62.0817169547081
21,4,2000,81.36298507452011
21,4,2001,46.53557017445564
21,4,2002,78.20300757884979
21,4,2003,67.38655269145966
21,4,2004,58.97938460111618
21,4,2005,55.017244070768356
21,4,2006,53.86299639940262
21,4,2007,49.49762672185898
21,4,2008,58.11203271150589
21,4,2009,75.08224248886108
21,4,2010,39.45015370845795
21,4,2011,59.58227068185806
21,4,2012,60.23494526743889
21,4,2013,36.81432455778122
21,4,2014,43.28310489654541
21,4,2015,45.898642390966415
21,5,1981,71.91164046525955
21,5,1982,36.836687475442886
21,5,1983,64.51024115085602
21,5,1984,39.174098521471024
21,5,1985,35.04590690135956
21,5,1986,57.91159346699715
21,5,1987,56.35947361588478
21,5,1988,48.22099208831787
21,5,1989,57.91078880429268
21,5,1990,40.07122665643692
21,5,1991,71.66905701160431
21,5,1992,43.43605041503906
21,5,1993,35.034384578466415
21,5,1994,38.91442343592644
21,5,1995,53.51254343986511
21,5,1996,56.19923397898674
21,5,1997,51.8328994512558
21,5,1998,50.23035407066345
21,5,1999,68.79231333732605
21,5,2000,80.69030940532684
21,5,2001,39.743851870298386
21,5,2002,65.48300385475159
21,5,2003,89.43269401788712
21,5,2004,31.230317428708076
21,5,2005,90.87421745061874
21,5,2006,50.60281977057457
21,5,2007,47.33233153820038
21,5,2008,49.30836707353592
21,5,2009,63.598766922950745
21,5,2010,46.527765691280365
21,5,2011,70.8022490143776
21,5,2012,42.779598385095596
21,5,2013,59.71337482333183
21,5,2014,55.71214482188225
21,5,2015,32.83666446805
22,2,1981,46.84143140912056
22,2,1982,62.97532469034195
22,2,1983,55.30018359422684
22,2,1984,46.828266233205795
22,2,1985,55.99632114171982
22,2,1986,67.6661729812622
22,2,1987,38.128770887851715
22,2,1988,41.13217443227768
22,2,1989,40.281251072883606
22,2,1990,65.39406627416611
22,2,1991,63.413456082344055
22,2,1992,37.310369312763214
22,2,1993,59.336014091968536
22,2,1994,48.347678035497665
22,2,1995,52.55211517214775
22,2,1996,51.397647708654404
22,2,1997,64.1992911696434
22,2,1998,54.76478487253189
22,2,1999,42.354945093393326
22,2,2000,62.04511225223541
22,2,2001,42.78133809566498
22,2,2002,48.32368716597557
22,2,2003,43.07861998677254
22,2,2004,58.14197286963463
22,2,2005,58.05927515029907
22,2,2006,49.264658242464066
22,2,2007,52.866436541080475
22,2,2008,48.37089776992798
22,2,2009,78.09898257255554
22,2,2010,83.46638083457947
22,2,2011,41.20791330933571
22,2,2012,45.25575786828995
22,2,2013,47.14403674006462
22,2,2014,41.2336140871048
22,2,2015,37.69801929593086
22,3,1981,40.42414575815201
22,3,1982,49.62544143199921
22,3,1983,52.564967423677444
22,3,1984,90.59933573007584
22,3,1985,84.7180038690567
22,3,1986,51.622603088617325
22,3,1987,47.083914279937744
22,3,1988,65.9971833229065
22,3,1989,54.56578731536865
22,3,1990,64.51068073511124
22,3,1991,65.19320607185364
22,3,1992,43.79585012793541
22,3,1993,67.8340196609497
22,3,1994,40.01758247613907
22,3,1995,67.06255674362183
22,3,1996,61.4551305770874
22,3,1997,36.75892949104309
22,3,1998,95.58981657028198
22,3,1999,65.92997908592224
22,3,2000,53.61771956086159
22,3,2001,100.72152316570282
22,3,2002,51.297444850206375
22,3,2003,54.11532521247864
22,3,2004,74.01750981807709
22,3,2005,51.6437292098999
22,3,2006,43.69308054447174
22,3,2007,60.200855135917664
22,3,2008,55.688969790935516
22,3,2009,88.29955756664276
22,3,2010,79.50668036937714
22,3,2011,50.16937106847763
22,3,2012,74.26292449235916
22,3,2013,37.62752562761307
22,3,2014,54.09564450383186
22,3,2015,46.05231434106827
22,4,1981,56.84499815106392
22,4,1982,44.06944662332535
22,4,1983,50.377096980810165
22,4,1984,49.39666762948036
22,4,1985,52.335865795612335
22,4,1986,97.53599762916565
22,4,1987,60.1079948246479
22,4,1988,28.6071989685297
22,4,1989,48.4335832297802
22,4,1990,64.32320177555084
22,4,1991,76.84236764907837
22,4,1992,40.3672456741333
22,4,1993,64.15406614542007
22,4,1994,51.86648666858673
22,4,1995,76.4414370059967
22,4,1996,54.3973483145237
22,4,1997,63.02952021360397
22,4,1998,69.82851773500443
22,4,1999,46.117570251226425
22,4,2000,56.066807359457016
22,4,2001,43.40037703514099
22,4,2002,64.65330719947815
22,4,2003,54.7916553914547
22,4,2004,85.51757782697678
22,4,2005,72.55396991968155
22,4,2006,70.24472206830978
22,4,2007,66.42097979784012
22,4,2008,61.09609082341194
22,4,2009,89.10484611988068
22,4,2010,60.876209288835526
22,4,2011,48.92260208725929
22,4,2012,62.893763184547424
22,4,2013,72.53123074769974
22,4,2014,40.815964341163635
22,4,2015,64.15647268295288
22,5,1981,44.79521885514259
22,5,1982,85.25077998638153
22,5,1983,39.85457867383957
22,5,1984,46.612974256277084
22,5,1985,41.027676314115524
22,5,1986,56.52812123298645
22,5,1987,43.98513212800026
22,5,1988,41.92827269434929
22,5,1989,97.58123010396957
22,5,1990,68.11153888702393
22,5,1991,61.97557598352432
22,5,1992,64.25384432077408
22,5,1993,70.16066461801529
22,5,1994,47.16547206044197
22,5,1995,75.7770985364914
22,5,1996,46.256013214588165
22,5,1997,55.734604597091675
22,5,1998,53.02545055747032
22,5,1999,103.09907793998718
22,5,2000,49.63694512844086
22,5,2001,73.27385246753693
22,5,2002,36.57488897442818
22,5,2003,47.745686024427414
22,5,2004,72.92023301124573
22,5,2005,78.94612848758698
22,5,2006,92.63624250888824
22,5,2007,75.09961724281311
22,5,2008,89.89010006189346
22,5,2009,73.58381152153015
22,5,2010,42.931005358695984
22,5,2011,50.45803636312485
22,5,2012,48.68946596980095
22,5,2013,67.47763603925705
22,5,2014,75.83156228065491
22,5,2015,45.158788561820984
23,2,1981,35.60642898082733
23,2,1982,91.57578647136688
23,2,1983,50.45948922634125
23,2,1984,42.76667907834053
23,2,1985,71.64743542671204
23,2,1986,28.833359479904175
23,2,1987,69.02534514665604
23,2,1988,53.02609130740166
23,2,1989,80.43694496154785
23,2,1990,59.18486788868904
23,2,1991,52.330464124679565
23,2,1992,50.980087369680405
23,2,1993,60.591910034418106
23,2,1994,57.877928018569946
23,2,1995,55.5940717458725
23,2,1996,74.36612248420715
23,2,1997,41.96265712380409
23,2,1998,61.82202696800232
23,2,1999,63.52144479751587
23,2,2000,41.507598012685776
23,2,2001,103.3540889620781
23,2,2002,51.35766416788101
23,2,2003,77.57177948951721
23,2,2004,36.29501163959503
23,2,2005,59.15214866399765
23,2,2006,72.65018671751022
23,2,2007,50.777897238731384
23,2,2008,38.761164993047714
23,2,2009,52.95271426439285
23,2,2010,40.22704064846039
23,2,2011,36.071013659238815
23,2,2012,51.31370946764946
23,2,2013,93.88288855552673
23,2,2014,71.12880051136017
23,2,2015,42.15237498283386
23,3,1981,78.81399989128113
23,3,1982,54.733313620090485
23,3,1983,55.62025308609009
23,3,1984,52.188556641340256
23,3,1985,47.186560928821564
23,3,1986,45.81347107887268
23,3,1987,40.3573252260685
23,3,1988,66.50302559137344
23,3,1989,57.07424506545067
23,3,1990,58.80049988627434
23,3,1991,44.85736042261124
23,3,1992,66.02448970079422
23,3,1993,75.71155577898026
23,3,1994,74.4209736585617
23,3,1995,39.460211992263794
23,3,1996,37.05362230539322
23,3,1997,132.2496235370636
23,3,1998,73.37545603513718
23,3,1999,65.43777883052826
23,3,2000,44.76264491677284
23,3,2001,53.7535585463047
23,3,2002,87.11119741201401
23,3,2003,57.25990608334541
23,3,2004,65.26527553796768
23,3,2005,67.57751107215881
23,3,2006,50.432998687028885
23,3,2007,48.716556280851364
23,3,2008,44.34904083609581
23,3,2009,79.68004792928696
23,3,2010,50.56403949856758
23,3,2011,76.22019946575165
23,3,2012,62.757425010204315
23,3,2013,73.85969907045364
23,3,2014,82.44398236274719
23,3,2015,42.325977236032486
23,4,1981,58.02110582590103
23,4,1982,71.38047367334366
23,4,1983,31.306192278862
23,4,1984,36.923810839653015
23,4,1985,39.320703595876694
23,4,1986,48.15246909856796
23,4,1987,51.410552114248276
23,4,1988,59.08260494470596
23,4,1989,98.3814224600792
23,4,1990,75.39782673120499
23,4,1991,81.97279274463654
23,4,1992,50.07607862353325
23,4,1993,40.51600769162178
23,4,1994,50.76901242136955
23,4,1995,46.30759358406067
23,4,1996,48.19384962320328
23,4,1997,46.78339883685112
23,4,1998,59.82192978262901
23,4,1999,47.82259464263916
23,4,2000,41.7647622525692
23,4,2001,77.07598805427551
23,4,2002,35.362064838409424
23,4,2003,51.1590912938118
23,4,2004,51.82764306664467
23,4,2005,65.10619819164276
23,4,2006,80.93942701816559
23,4,2007,58.87612700462341
23,4,2008,98.70294481515884
23,4,2009,46.042896807193756
23,4,2010,60.382723808288574
23,4,2011,57.12257698178291
23,4,2012,64.13181126117706
23,4,2013,46.46780341863632
23,4,2014,63.30998241901398
23,4,2015,50.47239735722542
23,5,1981,55.434200912714005
23,5,1982,49.43958669900894
23,5,1983,68.54543834924698
23,5,1984,39.62346911430359
23,5,1985,58.926135301589966
23,5,1986,47.95590788125992
23,5,1987,60.07983535528183
23,5,1988,48.481568694114685
23,5,1989,84.04143154621124
23,5,1990,51.063552498817444
23,5,1991,105.37230223417282
23,5,1992,108.52669179439545
23,5,1993,56.01523816585541
23,5,1994,43.615344911813736
23,5,1995,72.52182811498642
23,5,1996,46.30774259567261
23,5,1997,51.83219537138939
23,5,1998,40.2703583240509
23,5,1999,56.39020353555679
23,5,2000,70.21182030439377
23,5,2001,40.93305021524429
23,5,2002,67.68638640642166
23,5,2003,34.74990278482437
23,5,2004,56.86185136437416
23,5,2005,69.725401699543
23,5,2006,69.82886046171188
23,5,2007,77.17857509851456
23,5,2008,68.8638985157013
23,5,2009,43.906185775995255
23,5,2010,69.36699897050858
23,5,2011,51.084354519844055
23,5,2012,42.88364574313164
23,5,2013,48.36815223097801
23,5,2014,48.02365601062775
23,5,2015,64.33170288801193
24,2,1981,47.7214977145195
24,2,1982,94.56674009561539
24,2,1983,74.69818741083145
24,2,1984,83.40014517307281
24,2,1985,44.53558102250099
24,2,1986,59.37197804450989
24,2,1987,73.38304072618484
24,2,1988,43.703071773052216
24,2,1989,47.32450470328331
24,2,1990,67.93804466724396
24,2,1991,58.979254215955734
24,2,1992,58.498915284872055
24,2,1993,55.11698126792908
24,2,1994,66.89392030239105
24,2,1995,74.0746408700943
24,2,1996,48.82010817527771
24,2,1997,113.83149027824402
24,2,1998,61.91917508840561
24,2,1999,45.53944990038872
24,2,2000,62.1659941971302
24,2,2001,62.00980395078659
24,2,2002,52.04145610332489
24,2,2003,84.80671793222427
24,2,2004,57.08789825439453
24,2,2005,69.49448585510254
24,2,2006,62.28376552462578
24,2,2007,53.47609147429466
24,2,2008,25.847699493169785
24,2,2009,78.68783175945282
24,2,2010,67.00882315635681
24,2,2011,85.04583686590195
24,2,2012,66.6685551404953
24,2,2013,78.78483831882477
24,2,2014,58.53479728102684
24,2,2015,54.447486996650696
24,3,1981,55.57391792535782
24,3,1982,45.81214860081673
24,3,1983,55.56156858801842
24,3,1984,114.90122228860855
24,3,1985,52.95180901885033
24,3,1986,56.44109100103378
24,3,1987,53.659092634916306
24,3,1988,66.06946885585785
24,3,1989,82.88007974624634
24,3,1990,63.48311901092529
24,3,1991,45.76187953352928
24,3,1992,43.72895881533623
24,3,1993,105.37586361169815
24,3,1994,50.833217799663544
24,3,1995,73.6641064286232
24,3,1996,60.811303555965424
24,3,1997,25.10860003530979
24,3,1998,41.278619319200516
24,3,1999,61.59527227282524
24,3,2000,58.165088295936584
24,3,2001,86.88490837812424
24,3,2002,113.33077400922775
24,3,2003,63.12209367752075
24,3,2004,68.70414316654205
24,3,2005,36.46032512187958
24,3,2006,94.95733678340912
24,3,2007,58.57374891638756
24,3,2008,43.61211508512497
24,3,2009,64.35204297304153
24,3,2010,46.28291353583336
24,3,2011,61.87544763088226
24,3,2012,58.26638638973236
24,3,2013,76.4811560511589
24,3,2014,67.31455773115158
24,3,2015,85.43424308300018
24,4,1981,50.853654742240906
24,4,1982,55.05291745066643
24,4,1983,56.47001415491104
24,4,1984,58.71151015162468
24,4,1985,98.27277064323425
24,4,1986,37.55510225892067
24,4,1987,54.29905280470848
24,4,1988,37.03010082244873
24,4,1989,101.51250660419464
24,4,1990,47.05817252397537
24,4,1991,68.80531460046768
24,4,1992,76.7955631017685
24,4,1993,39.729781448841095
24,4,1994,50.098199397325516
24,4,1995,114.06806111335754
24,4,1996,78.35126668214798
24,4,1997,48.96038398146629
24,4,1998,60.07968634366989
24,4,1999,60.35492941737175
24,4,2000,87.38280832767487
24,4,2001,44.74848881363869
24,4,2002,44.77880895137787
24,4,2003,87.13402599096298
24,4,2004,78.48948240280151
24,4,2005,43.26948523521423
24,4,2006,75.96410810947418
24,4,2007,74.06577467918396
24,4,2008,66.87592715024948
24,4,2009,73.33095371723175
24,4,2010,47.25373163819313
24,4,2011,51.7302006483078
24,4,2012,53.992025554180145
24,4,2013,50.14761537313461
24,4,2014,62.1604323387146
24,4,2015,66.78963452577591
24,5,1981,44.11965236067772
24,5,1982,53.116537630558014
24,5,1983,58.64272639155388
24,5,1984,54.10448834300041
24,5,1985,64.43501263856888
24,5,1986,38.949936628341675
24,5,1987,44.503990560770035
24,5,1988,67.77925789356232
24,5,1989,29.605813324451447
24,5,1990,69.53437626361847
24,5,1991,85.2774977684021
24,5,1992,52.23323777318001
24,5,1993,77.33400166034698
24,5,1994,105.91676831245422
24,5,1995,39.65716436505318
24,5,1996,34.495484083890915
24,5,1997,50.72697624564171
24,5,1998,51.81444808840752
24,5,1999,28.333179652690887
24,5,2000,40.869828313589096
24,5,2001,71.0640698671341
24,5,2002,43.64829510450363
24,5,2003,48.89538511633873
24,5,2004,44.31747645139694
24,5,2005,46.811990439891815
24,5,2006,49.35579001903534
24,5,2007,40.59614613652229
24,5,2008,76.39656960964203
24,5,2009,54.430052638053894
24,5,2010,39.56706076860428
24,5,2011,42.55754128098488
24,5,2012,51.148220896720886
24,5,2013,87.10028976202011
24,5,2014,43.018460273742676
24,5,2015,97.23533689975739
